id	filename	md5	size	state
70f17418-6373-4928-ac14-64c61fa0650a	dcd92f62-bed1-4718-a918-6eda2855366a.rna_seq.augmented_star_gene_counts.tsv	9c8f6941184488d82e6bd094c4463416	4231705	released
e71729c6-aba1-4504-9534-ad884a7f7577	5e1b3528-dc3b-43ef-93ab-7285763fefe7.rna_seq.augmented_star_gene_counts.tsv	0ad1935eb0783f55dd86c419691fdfde	4240515	released
065eb382-fa9a-4835-a06d-16f580a57c5b	067aebac-7913-4b55-9b84-3e2dccdcb58b.rna_seq.augmented_star_gene_counts.tsv	c84cd263faae5759e1476c6368dffeca	4224087	released
b924b26d-59a5-4977-9035-16e8738da4d8	83128eeb-a9b2-4af9-abfa-7992b292e198.rna_seq.augmented_star_gene_counts.tsv	593683ec83c4964a4be3cdcce476bec0	4221155	released
60a674ab-da56-4ca6-924f-69ac1f056f58	05a71798-3185-4538-bb29-ecb2c2a6bd79.rna_seq.augmented_star_gene_counts.tsv	04106c14721b627586b5264d04262d0c	4218528	released
a06afd90-9204-4635-b4f2-14035675f01c	7179a2e9-1847-4628-9c05-136d6dd59b2b.rna_seq.augmented_star_gene_counts.tsv	dfcceb57a1f095e768683be887470656	4236016	released
ff710149-0fc6-464a-93cb-e3b9bdcf3525	dfb9c45f-cb52-4e36-b663-1a9e8c7c0b47.rna_seq.augmented_star_gene_counts.tsv	0322f762090e53965c964b763ce9cd7c	4204474	released
08c9b174-59f5-4d74-8f01-99fbd2531f20	fec205e8-388c-47a2-9400-ec9fe2e0fab1.rna_seq.augmented_star_gene_counts.tsv	cd0560643d0ad594817875cdc5bb0204	4222213	released
c4ac41f0-1880-4fc0-a9e9-69856a6c373d	bd844a66-bb61-4ba1-9301-1bdeec35620f.rna_seq.augmented_star_gene_counts.tsv	6c49113e3edae7c4faad1f34f79da22b	4217642	released
fbf0b466-f383-441f-84ff-2513b6792b90	2cec663c-00c8-48b5-967b-f2a53c0fb409.rna_seq.augmented_star_gene_counts.tsv	9159f6bbf6146ba8117b1ff72abd1680	4248181	released
1083930a-42f7-49dc-a448-f8cafa7313e5	8f45c6c4-b98d-4e0b-9bb0-b5be3894076d.rna_seq.augmented_star_gene_counts.tsv	381ea8d3f84102c06048cb4598998cd3	4178265	released
cd10bd5e-b75b-4d47-a103-9c259dcf1a19	c874c481-cff8-4e2d-99b1-3b5aeaaecb8e.rna_seq.augmented_star_gene_counts.tsv	86b9d6c4d00495590553e874367dbdd7	4205071	released
a77adf63-487b-476e-bd33-903005c1dba9	12b633ae-2a36-40b0-a4a3-c1d5f021fa23.rna_seq.augmented_star_gene_counts.tsv	d4c64e301ed291b5f02720d06bba262a	4210950	released
20d2462a-fb40-451f-b555-22bd9ec41d52	c863c768-d9ec-4408-bcb1-a80f2c5257fd.rna_seq.augmented_star_gene_counts.tsv	ba842842b2718b69c451be342fe7a8ab	4235734	released
986a8890-65eb-4fc6-bd57-c137d63567b4	0a47c453-b617-4cc1-9ce6-5c403e430d9b.rna_seq.augmented_star_gene_counts.tsv	1b236b2c7c9e88feb1b7af33ae074452	4223068	released
3d32f846-0f92-43f9-8ae7-e0e03000e2f2	f0146da2-6dbd-4f0d-8056-5a40d0fb7495.rna_seq.augmented_star_gene_counts.tsv	a8744eb397e5d8ce6120f7f2b1d8d511	4234984	released
2c73d8ac-84b9-4094-9f5e-fbd6c2e8eabf	c8c7600d-2c13-4df1-b058-2d02432bd49e.rna_seq.augmented_star_gene_counts.tsv	4f9639a7ecab8b0dab8db9b17f145a2c	4216302	released
815fe2c4-9815-416b-b44f-9cd48c6aba89	be10ae89-8bc1-4ef3-aae2-8e49379d8649.rna_seq.augmented_star_gene_counts.tsv	87e24181421e041c9314c154135a7b50	4229861	released
f15bfb93-71dc-4593-9ef4-e5e909a8fe64	51b2184b-d837-47df-b157-8759c5fa2101.rna_seq.augmented_star_gene_counts.tsv	5126d0889067f68bad931165f73fe49a	4230904	released
73ba2db0-55f1-41ef-a9c3-e480caab4edd	b83a1cf6-50a6-44fa-834d-8b3df88149fa.rna_seq.augmented_star_gene_counts.tsv	bb7854faee2495ac22747599ca6b76d4	4189828	released
932db5dc-d38c-478c-8f8f-13b33282920a	6a9afc26-1b35-4752-b6c8-cb0bb595e012.rna_seq.augmented_star_gene_counts.tsv	99fb888f9435a74db6102629e2bc70db	4225526	released
477b8769-8e6d-408d-a1d6-a57ece08fb9a	45bb01dd-5506-42f2-9093-3ea378bec587.rna_seq.augmented_star_gene_counts.tsv	8654c871adf668c03f8ccad91acd7cdb	4237869	released
e119e5f6-aac4-4ccb-9cf1-78085f1821a9	0e1c98de-b4e2-4f42-beca-9948f867a46b.rna_seq.augmented_star_gene_counts.tsv	e01fb7cb7b38823e52fbc60e9868c0f4	4197490	released
580959a1-736e-4dde-a794-b6f9dbc7e252	cddceb59-733b-48d1-9b75-46c9949f7794.rna_seq.augmented_star_gene_counts.tsv	58d3013896f6032f255a997aa825d92d	4202862	released
85adb9cd-3a7f-452c-8804-8e0a0fc499a1	9176b038-65e3-469d-a867-d99bc732e45d.rna_seq.augmented_star_gene_counts.tsv	ee2a86309a8b2c9f6600675e8bf12e0b	4209908	released
b1b311b9-aae9-4f5d-b9df-60acd9f43c0b	ad16ffcf-fd80-4008-9309-c4fe1e757507.rna_seq.augmented_star_gene_counts.tsv	d61155dea887a58a1ed514e0f56644e4	4212138	released
91a95c38-5ab7-4166-b4e7-64454cb3d06c	7b98348a-13f8-404a-9a1e-280ae481b6b0.rna_seq.augmented_star_gene_counts.tsv	37e64c1290dcf23dc6d8046313f78c95	4208645	released
a7affc28-aba2-41ab-8f5c-be859ae055dc	3ef878b7-f7c7-4ce5-ae5b-dac3f70155e7.rna_seq.augmented_star_gene_counts.tsv	fb050108b436b86925e4ddf746d70fae	4208716	released
d6cff9b4-6b57-4ad9-8325-92d1232c7f39	7c6f92ab-6cf8-4293-b676-2619c40f6ee6.rna_seq.augmented_star_gene_counts.tsv	2b207c800e3e09d7fdb85e59861b48b2	4222111	released
822091c7-86c2-4315-b6bb-d022149296d5	d342d71a-e556-401d-b17f-802d0d39e8c9.rna_seq.augmented_star_gene_counts.tsv	bc277d05cba59f0f94bc646a4f37e933	4247187	released
6484ba83-32ed-492e-99c9-8f78f7b530e1	4d347bfa-eb25-4e9d-9594-4e1d99545678.rna_seq.augmented_star_gene_counts.tsv	6791335bdb7afa96ce0be7ef700d12f9	4207488	released
0d6ba88c-ba7a-4e82-96b0-67e2b084b088	802f1041-19bc-4bec-8452-5e4b19a8100e.rna_seq.augmented_star_gene_counts.tsv	fc21eb15a4c21979b54627499ffb9cc9	4204667	released
b168cdcd-5516-4d22-a0cf-57a2d7c274ec	852508b0-5a5e-4730-8c70-6aabc0aa88be.rna_seq.augmented_star_gene_counts.tsv	6043631c4c7e5e3892daa1c60c7adae1	4216426	released
8956b891-ff72-4207-a509-866e7bb62cce	1a7e9700-1994-4624-bfe9-e94f33ee3989.rna_seq.augmented_star_gene_counts.tsv	ec5e782fa07b978be89bc7cb01447f2e	4229322	released
59ce4079-0da6-4339-8861-ad376b150f75	a4455185-5506-4392-bd54-5f9cda2274d2.rna_seq.augmented_star_gene_counts.tsv	aaf43ae3672534b4e84ac2d27e564aa6	4258554	released
9054231e-9b1f-4ee4-b22c-1e9dbfdcfc03	06ce7b93-1264-4219-8a2f-d8f0d295e45f.rna_seq.augmented_star_gene_counts.tsv	ecd25fbc7b6a91bbd0e56c2d5531487c	4250811	released
5e863e9f-1449-4a38-ac00-cfd7c21ba6e2	fe379cd5-d51b-44b3-9adf-49e2cc3b0bf5.rna_seq.augmented_star_gene_counts.tsv	45f318c7a3c7477f37455da25d754983	4244520	released
7a8ce605-eb1c-4281-ac60-6a20a3e31eea	2cb79e67-cb85-48e3-871d-c6a452381e58.rna_seq.augmented_star_gene_counts.tsv	5f91bb5ba0b36423d99fe6af4cce47b3	4239897	released
c679154e-df11-4b05-9584-76437286d2ee	185b401a-bdc4-46b9-b2a5-7a66938f28f2.rna_seq.augmented_star_gene_counts.tsv	a16207bfe3191326996c3f04e51419ff	4213612	released
9ade3932-9032-46d6-8171-c34a0dc51fce	8f1213be-da41-4cd6-97b2-f9fce1ea00ff.rna_seq.augmented_star_gene_counts.tsv	fe0f6951f69feb9bbaf336bc37fcec03	4204891	released
d6af00a8-d733-4788-aaf4-8522479eba2d	d25af392-21ad-4aa6-8669-34656bf71af5.rna_seq.augmented_star_gene_counts.tsv	63e7cd56e71eda21f49ae12d74ddc312	4194374	released
becb812a-90b7-4b6f-ad39-5a0b7179b523	7b837bdd-5a59-47f6-a1aa-259142234bd5.rna_seq.augmented_star_gene_counts.tsv	595b68b71824ece4372d3cd2a49cb8ad	4234437	released
411ef195-13d2-4c3a-b8df-b3e6150fe73d	d22c9285-50cf-4724-9f81-606fb54c00fc.rna_seq.augmented_star_gene_counts.tsv	7b457ace3936e79db632eaea79fb70ea	4215553	released
b315758e-62d1-408b-9510-fc0a4294f7ec	7f9dadec-d447-41be-a192-637ce36467da.rna_seq.augmented_star_gene_counts.tsv	d8eaddfd6fb16411585e5264ced900dc	4233470	released
f723420c-2ff1-4742-a4bb-8f525aaa43a7	6e639239-cdae-4412-880f-ef813a956ff7.rna_seq.augmented_star_gene_counts.tsv	05ec35777ef12bffe999b9c7eda6bc27	4238751	released
9553502a-98ec-45f8-a597-fc0d0217d2a8	f0944087-afaa-4817-9529-e6e5a8c50ca7.rna_seq.augmented_star_gene_counts.tsv	010392117bf3e58d64c67246823504f9	4212594	released
f6ee3045-d3fb-4641-99d8-f1ecc13b3e2e	e563c3cd-6f05-4ab0-9579-90686b7561e8.rna_seq.augmented_star_gene_counts.tsv	2845429d09c95be2c32e637c28e54fd5	4237070	released
60ef8c92-dcad-401e-b92e-09a51eb305f2	4925248f-21e2-476e-937c-02e0a748c77b.rna_seq.augmented_star_gene_counts.tsv	2f1f287c82003d415e4145bb78ad09c9	4234060	released
27404c59-9a94-4c61-ac2e-12bc30e12b4a	054d5602-4089-4f34-a667-14c8edbb4167.rna_seq.augmented_star_gene_counts.tsv	d935087c2e1872d29de9a3781ac1eaed	4205541	released
530bff57-a892-435d-94df-ddc7dbd45fb9	ba6ae99d-73a8-48a5-b038-749434ae2f11.rna_seq.augmented_star_gene_counts.tsv	d6bb414eb7f4f3645e3608cbb29c60c0	4237522	released
65f0fed3-8b9c-4f73-9fad-78c9f2f5b7d3	3a957f25-6238-495b-97a8-383d1d89c411.rna_seq.augmented_star_gene_counts.tsv	db10217ee892c3ff2009c006b2a7a748	4233941	released
a761bdb6-4b37-46aa-8d37-11ead152b70f	d837c3e6-ef78-42a0-8a39-c57d48bc7c3a.rna_seq.augmented_star_gene_counts.tsv	e9a839d6ee9938a68eedeca268964410	4201059	released
b372b1ae-2345-4243-8bcd-47388289559f	6a7c5b76-1910-4698-a3b7-3ddf78d6fd87.rna_seq.augmented_star_gene_counts.tsv	d7ab5a3cedfd0f299b5e7290a0267e0f	4237259	released
806a4d03-fc17-4f66-9a1f-712b56695fff	632ac2fc-e387-461f-97e2-bc72b1c9ffe4.rna_seq.augmented_star_gene_counts.tsv	2592949e9e45c02c716bbcb3aff0d60a	4228922	released
8165c64e-bff2-41f1-9ab7-a90beb4430de	1c3d6580-0dc8-4346-a4f7-0bb404d4a245.rna_seq.augmented_star_gene_counts.tsv	716b9a522ae6c20254b4a4561550c1d2	4187003	released
7672438d-3825-4b67-90fa-68364b42360c	5ffcc7c5-661f-4eed-b5e6-ed158c668321.rna_seq.augmented_star_gene_counts.tsv	af9646ec381444dff80eb474c8f11638	4203767	released
9c1722f7-0125-48c9-9951-71d7729d951a	4b6234cb-85ed-43bf-8eba-e26c7d0c1133.rna_seq.augmented_star_gene_counts.tsv	7c7f7b21cddeef92b2d606eb7fdd59fd	4229793	released
afc66963-6f8d-4d99-a008-d44065e1cacf	2da96325-01f7-4e52-8d45-b1a5742775f0.rna_seq.augmented_star_gene_counts.tsv	faf0d6504a0aa47a070146578f095ad1	4241294	released
2d8aabfb-62cf-4113-8baf-948d1cdc8712	f65f4ed5-9726-4eff-8638-63752686d2c9.rna_seq.augmented_star_gene_counts.tsv	6c6d4d346c62ccaff8400c22fb3a3ed2	4227867	released
32b62e42-3d6f-4315-aca9-b3718cd9f5b3	e841bc2a-5468-44ca-b9a4-f69475aa89d9.rna_seq.augmented_star_gene_counts.tsv	ae6e55b7b7eac0e5a9bbb4ca479c1736	4234743	released
f71f1d9c-23e1-445f-80d1-455fae13ca09	f71ca79e-f5ef-437a-ab71-b54a2dc71014.rna_seq.augmented_star_gene_counts.tsv	49ba7b3622ffb5e00b8617e6b323b639	4210654	released
f9171012-0462-4796-a87b-bdad96cdb9f4	c27efb38-3f6d-4dd1-b591-d2bea872d35f.rna_seq.augmented_star_gene_counts.tsv	23c82b08475a489e01d36485d3b30409	4227791	released
c352def2-b28b-45f1-be0e-0fab2671fda2	edfd0bb8-1993-4cee-977e-6ad3de05d72e.rna_seq.augmented_star_gene_counts.tsv	144b33dccd842e4b0d92493b6ce521b8	4213481	released
3e022a8d-d2d4-40e2-8119-e1e027fc5f77	80bea63b-bc3a-4999-8c11-a35c92183cd7.rna_seq.augmented_star_gene_counts.tsv	470c8b585930884ea6ce640a62e877f1	4187663	released
1530ffe4-22f1-40b1-96d8-57f1509a0171	32adc071-1061-45e9-9600-256135f594d9.rna_seq.augmented_star_gene_counts.tsv	ac8891d42fbf2f6495d7b746a7b34321	4205868	released
5ad58131-d9d3-4ea3-9d04-18cf480e1480	d719788d-0c64-4488-bb84-ab5536d31a03.rna_seq.augmented_star_gene_counts.tsv	008eed0d9aad392ae49b21bf51bf2920	4230123	released
2315807c-35c4-422a-bf00-91b366d53113	3168d3ce-487b-4834-8370-ce8b73fc39ce.rna_seq.augmented_star_gene_counts.tsv	1066d79792367e626c653d918058ff97	4230809	released
88473424-2ecc-4684-af54-42d6fad65ad1	43f847d6-bb0a-46f0-9193-dabf72330b4f.rna_seq.augmented_star_gene_counts.tsv	7bc3369f7584860f59873b7009b42582	4242665	released
a1efa511-8c27-4eae-b3f0-aebacbf7df85	f3781318-56be-4a43-b72d-a6bb65ef9a88.rna_seq.augmented_star_gene_counts.tsv	c0653e6e580b00476117d1795a542c79	4248918	released
9320a7d1-3c17-40a9-b632-defebb42b351	86912ac6-a602-492c-8d84-037c9fd614de.rna_seq.augmented_star_gene_counts.tsv	193eee76741cca93ad8275b9a25ec44d	4238076	released
fbba778e-fd6d-4da5-a0b2-99d7dcc047d6	45b4921e-fce7-41f8-bb63-ed98343ceec8.rna_seq.augmented_star_gene_counts.tsv	a076a20b1a73a6acc11346d0b30a0853	4215127	released
f8903180-77d4-4d01-aeaf-a48fdc48db7d	aad90266-d469-4986-b260-d0df4c2f48e7.rna_seq.augmented_star_gene_counts.tsv	69c1b7e6052253f8649edb4f1f9f3a4b	4228333	released
00000c20-b875-4821-8d4b-c50d7a7f9879	09743be0-4b54-4e31-aa66-c9202a49bd59.rna_seq.augmented_star_gene_counts.tsv	84fa7a6f1aa08b71712437b93ce19c5f	4210762	released
534054c8-b88f-4b5f-b718-f4ca8484b83c	4d33ae3d-d6e6-47cd-bb5d-52134a7bcf8d.rna_seq.augmented_star_gene_counts.tsv	afbb60e489571ba198ef474274c50ace	4222918	released
7f1068d7-4a53-4fcf-95b4-8abf5e6f5692	a8e85cdd-3770-40a0-837e-6962ec12fcf0.rna_seq.augmented_star_gene_counts.tsv	47254f6f4dacdf54b44ec0dd4fe46e6c	4209350	released
56afa170-4280-47db-91c8-f3260e42c756	d69e622a-6dee-48f3-bf06-7f6148d7472a.rna_seq.augmented_star_gene_counts.tsv	33be54960373d88cdcdfb92e9f176b47	4217106	released
6e0857d0-5a52-4d0a-9d4b-af9d2e5c4e77	695836ff-c54b-47bf-8a29-5224811afa7e.rna_seq.augmented_star_gene_counts.tsv	9743b28b7c45f5ba7282bf0efb9dcdf8	4234029	released
adb1af0e-75e6-4a9f-924e-c8e05e69085c	0c5e45df-149d-4667-8154-312c5e6f246b.rna_seq.augmented_star_gene_counts.tsv	b1c7aab70b41a665cbf82b3f66be2385	4239894	released
18fe6d09-5377-4c7e-a360-ca65b575444c	60bc0507-0349-4154-9db4-8d93b3e8bdf5.rna_seq.augmented_star_gene_counts.tsv	245f3575a0b110bf3ee644aa4ed5e84a	4234630	released
d2bb361b-c78c-482f-b4d4-bd77ac7c0f37	ad478846-0a75-4081-ac09-37ee5415d9b4.rna_seq.augmented_star_gene_counts.tsv	416206d3b70b5194128826a4f42ab670	4214802	released
0c62b002-8912-4ce0-a2e5-41bc1e3f9996	f66a9fee-f63a-4398-b242-9c065bbe213d.rna_seq.augmented_star_gene_counts.tsv	cd67f0c93aebe6034c947f2b878dd75b	4206626	released
a99d57f4-b2d3-4373-883f-1b409e73fd46	d808edd8-865e-4004-891c-dc10f5c146e6.rna_seq.augmented_star_gene_counts.tsv	0c38cb7aa7ed95cd641a6ead02c10760	4232618	released
a64548d5-604d-4c26-81c0-9928eb95b0d0	cc158c27-a2f0-4403-ae01-913bfcc623cc.rna_seq.augmented_star_gene_counts.tsv	de033b81d4ad9652a220a49a9e4f580a	4208079	released
6ec0647a-6f73-4c22-bed9-b65c2c4678da	79e6252e-2e14-42da-b3db-3e706f38b045.rna_seq.augmented_star_gene_counts.tsv	28a2709ea23e6a970aced08ea4ec19ff	4215584	released
3e23d91a-21d1-49ea-955c-3a83300ecbbe	f22cfa82-a346-4fed-bc81-21a29bf990ee.rna_seq.augmented_star_gene_counts.tsv	27b90af743ad000b1d69d30c6dbc2b88	4234847	released
1cb8f903-423c-47ff-ba6c-b3838a75cd22	bb3dc2ff-a686-483e-8d3c-e06649462881.rna_seq.augmented_star_gene_counts.tsv	6a88658518fdeaaba95d0007308f6ac0	4211828	released
b553a433-8cad-4eef-9110-574433755319	6946201b-e3f8-48e8-8614-28f2c2db5b65.rna_seq.augmented_star_gene_counts.tsv	6c3984706e2e3d2ce3e0aa4859c8a7c2	4209630	released
8ac00cf3-69d6-46be-af59-10dd4b521fe0	0ae6d322-a938-4752-aac6-226e6687a297.rna_seq.augmented_star_gene_counts.tsv	23caccb0baefccf216ed6c818ed1f23e	4219902	released
07576e90-dbad-4c35-8fcd-e9ef89c8addc	4e2a5058-c190-49de-97f4-0ba7be7ebfe8.rna_seq.augmented_star_gene_counts.tsv	d8df0c22e9b2edd285192306f5175d90	4223915	released
6eb94cf0-fb12-4ecc-bf89-ff4c93e1c48e	66b4502b-d393-4664-a317-430ec1ad4b3b.rna_seq.augmented_star_gene_counts.tsv	13b05bedc62259024c7d9181751833c8	4186430	released
ee9a460d-1b5e-451e-8b4b-7608a21f093d	c1b43ace-3691-4c64-9fb1-4c1e94735b1e.rna_seq.augmented_star_gene_counts.tsv	484c67fb0444a8cff0b6b6ff1fcf36b2	4229253	released
97dbbc5d-67e7-43a0-bc8f-d3425e0f3ce4	6bc70f5c-fdba-4bef-865a-793b7782a107.rna_seq.augmented_star_gene_counts.tsv	a563e864dbf3f1ee17abf3df9abc5719	4206565	released
bfb91635-bf2c-4311-8b57-33c15b520869	19645f04-0021-4b2d-ad56-b1342c6ca519.rna_seq.augmented_star_gene_counts.tsv	d01810a3645aa882116d4bfc77a3c635	4214404	released
b7aa491d-f50f-4f9b-b8ac-1572cd6cd1ef	ba2b0b86-f7f1-47f7-b0fd-bec3f623febb.rna_seq.augmented_star_gene_counts.tsv	eff3fbb4e81121e0a15bb27c0c3765e2	4224222	released
7321ea01-8e94-4dfe-b4b6-ab48a3a880f4	4f2a0f62-df55-4972-aeb4-fb32e6c9a522.rna_seq.augmented_star_gene_counts.tsv	ecfcc6cec567469e976537264e127364	4216637	released
270115e4-3da5-45e5-abff-34fba5a75792	f6d998cd-20fa-4add-8fa7-6b89ff16f8bd.rna_seq.augmented_star_gene_counts.tsv	4b31c96a3ee75d8c1fbe4b988a17be4e	4201541	released
efe4c597-71d5-4a06-849a-782d2d0d841e	17d3d480-5503-419e-92cd-cbc7db9659d2.rna_seq.augmented_star_gene_counts.tsv	e29fb2571af76b20248a22bd153e9ce7	4243758	released
f72de22c-defa-4fec-b689-85c0629e8f77	ff02e85e-2f87-4832-aaea-3322db33c57a.rna_seq.augmented_star_gene_counts.tsv	3c8925af0a24973601001b3b17dcd85b	4209932	released
94c1ac66-a016-44fc-ad90-d74067ade7fa	91386c90-8134-44c9-8a22-4ea17f70da75.rna_seq.augmented_star_gene_counts.tsv	54378f26e18b9484e4d7b4ef444c68f6	4205117	released
1c48056a-d2b8-4365-b750-485b9e9a7b6c	5fb88e40-263c-4b86-b088-da38f046771a.rna_seq.augmented_star_gene_counts.tsv	bb0c221ae96154c00971a11114df8b1d	4225654	released
3d6546ee-5ed5-4c74-a62b-f3fb397e66c3	0801726c-9faf-4905-8cd9-71ad4fc3df25.rna_seq.augmented_star_gene_counts.tsv	4524b0ee4d61e2e8d4dc2a690eb9ebee	4234417	released
889bc749-1959-4f3d-8d6e-a6b7bf2fecb4	7dab0af8-ab64-4014-b7b7-bf0df59a1b3a.rna_seq.augmented_star_gene_counts.tsv	98f126815aaa2e0b00d616d32afbeee3	4205939	released
9c40ef24-ff74-4f0b-850a-38de94a90c75	3ba89ed5-e704-40d1-bb04-5a0ba48e446d.rna_seq.augmented_star_gene_counts.tsv	3916261e3981f2b7f1b5cd61438d3d85	4204518	released
97fb41bc-f5a9-4b70-b631-9da9ff44b5fd	c22c07cb-8215-47e8-9525-074fda8d7d59.rna_seq.augmented_star_gene_counts.tsv	245dec1c678b7179ddeb805b55e4bf47	4193413	released
c741f3fd-133d-470c-8021-cd3432c61ad0	b25e7003-40df-4806-baee-eb8ad1c69643.rna_seq.augmented_star_gene_counts.tsv	03855539175c15dae1f11fd3a52b1a9a	4207808	released
b3bec9bc-73c9-41c9-beb2-68a5f06ee2ef	1e0f16e6-de1c-4d1e-b1f6-5fabbea1591b.rna_seq.augmented_star_gene_counts.tsv	1435cce6f59b69c215434431d118ae37	4203327	released
a72776f7-9845-4fb4-9bc0-5d60ccd7fb95	ac271c9e-4219-4880-ad89-0df6d5df0bb4.rna_seq.augmented_star_gene_counts.tsv	748d7b7a3e32a14e0fd54aefb140c944	4230551	released
bdc3b4bb-dea2-4e41-b297-51540a68e68c	09f3976d-4e95-41b4-bc0b-27eea3e20bb3.rna_seq.augmented_star_gene_counts.tsv	8929598ec17454b0485feb4b45e368eb	4248591	released
e3526436-feca-4475-95d2-cdb1f861dac9	670152b4-944c-4d41-a9ce-c6c8ad616de0.rna_seq.augmented_star_gene_counts.tsv	ac737ddc1f9ac9db1eb2eddd27ed8399	4213187	released
cb1968ee-bacc-48b0-8bf5-541a4a178461	77eb52de-282c-4dc1-886f-f4be32985ed5.rna_seq.augmented_star_gene_counts.tsv	5c1adb65bcd95a77dfa0c32fc6040d1b	4214593	released
eaa3364f-2b25-449e-8852-c7a6bdaa455f	2ad90ba0-8038-4bad-afa3-d176f63b42f0.rna_seq.augmented_star_gene_counts.tsv	ef1334057eea6508d60fb69c173b96a4	4231272	released
d3980bb6-edb0-482e-a8fb-2da0d0ca36d9	2db6d1af-ff0c-468f-a056-cf278a0bbf7c.rna_seq.augmented_star_gene_counts.tsv	01507bc9302c49a3b9537ae26b80076b	4223459	released
b8cb5dc2-3a97-4023-bbd8-1bcafbbc6dad	88a33f23-72a0-439b-afc7-2623c58eb1ab.rna_seq.augmented_star_gene_counts.tsv	2a817d6682097d394b85c2e6ccb6fc47	4232022	released
54c73151-7796-4392-83ec-c3bc7857533e	bf93be3e-d4f1-4efb-9841-ca8ad81b237e.rna_seq.augmented_star_gene_counts.tsv	890943c0754b339295eb07fb2bf5e5ad	4212759	released
2d300d54-7067-450d-b4c9-ad8c3642ba0a	7a53e58f-1455-4363-8635-81f18940707c.rna_seq.augmented_star_gene_counts.tsv	acf753ec6ff3f2ba79ae9e008661b8d7	4213297	released
59fadaa4-90c8-4f4c-8a34-3b055a1f73a6	203ee845-d377-4d92-aa27-127b634cc01c.rna_seq.augmented_star_gene_counts.tsv	6f8c8f58d003fe7524cd9fdb83569f0f	4220967	released
a0b6f91d-1921-4ec6-825f-c8a1cbc8649e	7a6e70c4-08bc-407a-b08d-166f7a7b3af5.rna_seq.augmented_star_gene_counts.tsv	258e0f5803a23dfed25a01ac7e8d9ac0	4244390	released
1771fe4f-faa4-42cd-add0-4efc5e1f844a	c70162ed-dafc-4a4c-b7dc-354d2c06b2c9.rna_seq.augmented_star_gene_counts.tsv	1e29f6d978d8399059f1d3d003b3296d	4218226	released
b20b4d3f-ad07-4f36-9071-2b2c3a664ae2	aa646153-82f9-4b7a-a0c1-5c2207ca1e75.rna_seq.augmented_star_gene_counts.tsv	4dab627530e1e9801955958c54bbc4e6	4210816	released
b6b31a7a-dc07-4168-b147-2a67a0e4a73e	fb5068b6-7017-4a3b-a77b-3e7e5e675545.rna_seq.augmented_star_gene_counts.tsv	441db9b211e9f80136577f02880388f1	4225825	released
c6035ac1-1356-4e1a-bec1-d950b3711f67	7a3a3da1-9649-418d-a791-8420fb4abce3.rna_seq.augmented_star_gene_counts.tsv	3ac5d64b19949cc3dc0bfc64c138eb25	4227977	released
5028edd3-a821-4511-99bf-d669c9d61723	50cae4c7-fef8-40fa-a3ed-d14a34eb6103.rna_seq.augmented_star_gene_counts.tsv	8aeb7d8e310c84d65122a1a7e94db230	4223451	released
6f98bcbf-b39e-4c18-ba5e-3505adaac6b5	6b8fc8fd-e32d-43fa-8f8c-fa0b38ce9b69.rna_seq.augmented_star_gene_counts.tsv	452cb50f539065247ae325bce90b11fb	4204955	released
e6acd0ab-16ba-468e-b356-5e9f0ba9be67	96d07b9b-c31c-40cc-8e12-0748cafbf5cd.rna_seq.augmented_star_gene_counts.tsv	a312fefe2729c424cf723bfcf3aa361b	4217689	released
6983f3b9-c9ba-433a-8f13-6429122ca395	6671e092-52aa-4fff-b052-21bfe69a1658.rna_seq.augmented_star_gene_counts.tsv	03a2fc14a92425733810d7192c521057	4225782	released
11c21f13-84a0-416f-a7ca-25fc1c2ee0f9	dd2b52ba-d990-4d04-b070-c385de438ba8.rna_seq.augmented_star_gene_counts.tsv	e5d38bd8e9ad659a9afd8b60c1463799	4238106	released
c63c52c9-82ba-46f8-bd0c-9459f25e98f2	ed61dd33-6f80-4998-a0fb-82498e123505.rna_seq.augmented_star_gene_counts.tsv	d7ca460b131a0bd120cb18c097c5ec8d	4232317	released
928ab9a3-b688-4003-92eb-57280506fa65	57c4a274-647d-4499-a8f8-a79e446ab4a7.rna_seq.augmented_star_gene_counts.tsv	952133d8486a5f071e6c089c43c001c8	4237357	released
b7361545-c3a4-4208-aaed-72e4e5282d2f	568a845e-d8a0-47b5-af77-896831524b16.rna_seq.augmented_star_gene_counts.tsv	8d9c0770eb447ffe2bdbcd30986db585	4223185	released
269994d7-f26d-4b93-9647-e12c3f1808e5	e94b6daf-3aed-4496-b64b-1b1a7d8e2011.rna_seq.augmented_star_gene_counts.tsv	9cda97a24f991573d19829737d5581d9	4222161	released
d39b6aa9-f123-4112-aef8-7265aa8374b0	d7856acd-b750-4d86-988f-371045e74768.rna_seq.augmented_star_gene_counts.tsv	ef41be5e4c3b12bd0aed322f9ad6faa0	4208894	released
aa43daad-64f6-4543-b458-a60d4ba7dcf5	fd17af6d-f9d4-4d4f-8487-bf8b97cfe3ab.rna_seq.augmented_star_gene_counts.tsv	51e532d88f171077e1e73a3933f7086d	4203724	released
de0f7996-1854-4b32-a2f9-1c99484b9e54	023160e4-1d9a-499c-9bfa-1b3aacf284f2.rna_seq.augmented_star_gene_counts.tsv	b1ff88752fbd864a4738d05bff628b14	4236890	released
720ff723-a1db-483d-9b73-01e15068351f	ec054d40-e5b8-496a-8c99-5e7f88f2cf37.rna_seq.augmented_star_gene_counts.tsv	d66ff6c54884ecf7e4d39bd12ca47ac2	4233244	released
543dd4ba-033b-49ea-bde6-b14dc8fb2913	28f73ee0-f218-4884-81c6-e6b4ba2fdccd.rna_seq.augmented_star_gene_counts.tsv	7bb2fba22b820e979f093780830a2c02	4210893	released
23facdbd-4c59-463c-960b-1383f5b16fcb	b02dc7a2-3615-4b6c-a3dd-a866d8561d9d.rna_seq.augmented_star_gene_counts.tsv	1c8f57fb745a10f2e7a91c7c5cd44065	4237037	released
b95db8b9-7ca6-481d-9912-f8d83f542560	608d8ca8-8eeb-40a1-a95b-57eefcabbdab.rna_seq.augmented_star_gene_counts.tsv	d96ddbac5300ecba05498fce2de0de38	4215780	released
efdcda8a-26eb-4b7b-accf-df08c81e5135	a45a7511-4aa9-4d04-8f5f-34d12e4d5917.rna_seq.augmented_star_gene_counts.tsv	84b5df3b6eac181147a487764e7d002f	4240354	released
3456d4a1-bb29-4559-8c4e-c9b0e512fae3	52472301-36c6-4c99-97bd-b016d8a282d6.rna_seq.augmented_star_gene_counts.tsv	e0c9d6143465448d43554677eea87adf	4216110	released
457ab960-e685-4103-97e9-4868dbc364a2	b8135e73-31c3-49af-b4da-a7ed5f28d68a.rna_seq.augmented_star_gene_counts.tsv	620e351b1ce7e30c49cdf8463f299c51	4229560	released
3db2ccda-ad2e-4c6d-932d-0df14befb266	e1d0ac40-05b3-4ab8-b64b-f42613e97cc7.rna_seq.augmented_star_gene_counts.tsv	05b20ca2a6f9698eb13e1bdd2afa60f2	4210406	released
df410102-8821-4bff-825a-c169897b3b99	518420d3-dfdf-4163-99a4-2b8d7a04056c.rna_seq.augmented_star_gene_counts.tsv	a51c343c9b103cf78f5f7258b34956c2	4201029	released
75b92663-674e-45ea-9ff8-cf3ce33f8839	9f5f50f9-3524-4767-94d3-d89dca19f7ca.rna_seq.augmented_star_gene_counts.tsv	2262f19a1d6e0ad2656c23556ed64b4e	4237920	released
9ce2bb36-5b1e-4a58-bc5e-dc072b217ba4	27871087-0449-4f04-bc72-a975681a198a.rna_seq.augmented_star_gene_counts.tsv	04f2ff79c678f543baba80c063136c3d	4211162	released
756b1010-09e1-425f-8682-f9f8144b3c4c	b3e4282d-55bf-43ab-a9af-9e4ec31240ed.rna_seq.augmented_star_gene_counts.tsv	8c9dffa7bc74936ab13c1a5277c54483	4229447	released
b3ebddcc-1177-40a7-baa5-51000c1b7123	290b89f5-2a44-424b-b77d-a190dcb93e07.rna_seq.augmented_star_gene_counts.tsv	89a98004db97853466af5c0f9f869ef9	4199935	released
c5a8d31c-5a09-4d40-84a6-545eb0115c0f	078de409-654a-4fef-80ce-f0d26b6a8cb1.rna_seq.augmented_star_gene_counts.tsv	a62fadd5a370f59b4b931d291d8b240e	4207777	released
1a59a96b-12b7-4e9a-9e32-b01a7e48c01e	f7670084-a534-406a-b322-d9657f2024b5.rna_seq.augmented_star_gene_counts.tsv	20d0b6f4407e504f6c5aea0799b929da	4213307	released
51827714-d499-41cb-a21c-e0845fb8f444	cdb7b56c-ddca-4596-bfa2-6823c12837e2.rna_seq.augmented_star_gene_counts.tsv	4adb00c32d983f12ef1e0f4e4c2ef72a	4235574	released
dd7f3972-e7c6-422b-84ed-a8038645a52b	56a452e7-275e-45ed-957d-70f49a1291ad.rna_seq.augmented_star_gene_counts.tsv	46896509dcfe11cf9c396c3935615d97	4261084	released
460ef0b3-7898-4f4d-94a0-21a6aa7440e1	a5b6ff9c-a3b0-4069-a135-9286fd9814e8.rna_seq.augmented_star_gene_counts.tsv	4d99cb7a9993424fb26a474cf1c49e9d	4251070	released
8b193ea5-92f5-4473-a6bc-57a132764f6e	e01234d0-dff1-410e-866b-54a732bc20cc.rna_seq.augmented_star_gene_counts.tsv	ad0ff6fc55f07918db4f086c6eecef1f	4256199	released
70d767a9-c20a-4dfa-ae6b-2dd6d509c96c	c7bdb3a4-705d-4cfa-aa23-33eae33cf1aa.rna_seq.augmented_star_gene_counts.tsv	16408fedc235975299ad3ebce10068ef	4267155	released
3afc6fee-22bb-418c-ae3a-bd21bd4e5201	891f3a70-63c9-4c56-918e-a3053cd848dc.rna_seq.augmented_star_gene_counts.tsv	9fd97a5fee7b5976979d81609e28096d	4242782	released
8fc018bf-475b-4815-b857-93dcaf5913c9	d177b24a-bb6e-40df-ab2a-58bc36a7c923.rna_seq.augmented_star_gene_counts.tsv	b834347377ee39fe40859d8a152db7e2	4226594	released
ba97a1ce-36b3-4212-960b-b64a7cc2ea82	fc8c105f-9904-4f9b-8af8-61c49c1a3261.rna_seq.augmented_star_gene_counts.tsv	bfaf447464565b3849da4b94a753dd0d	4249507	released
7ba9b358-398f-4bdc-9835-7ad743aaff69	1953db7a-88ae-4d2e-be77-a1d09f4acd96.rna_seq.augmented_star_gene_counts.tsv	11f0e8de2b627384ea4c012db40b1b93	4241166	released
0ef12067-7e43-4d08-9374-a961430dd5ab	cf37eb41-0595-4a82-a65b-3058902a48d4.rna_seq.augmented_star_gene_counts.tsv	dc4f44ffd7d81f239f828f4621a8684d	4212581	released
00efbb37-cb7e-4411-b857-eee5a36a3cce	8e3ba195-d539-4876-a300-4f5855b145c6.rna_seq.augmented_star_gene_counts.tsv	88ea0feb28a118689bb25e762ea119f6	4223771	released
31345409-df9a-48b9-91fd-09a18e099aa0	2d8d97e6-b599-4444-8e11-73adb55be0be.rna_seq.augmented_star_gene_counts.tsv	b637f1d267487a2ecdb520d218b2e40d	4232452	released
a359b6f9-15ca-4699-adb8-850db3754c74	6fdba671-fb71-438f-ad62-e3d515e0222d.rna_seq.augmented_star_gene_counts.tsv	80c0722e4d0674d02955963354c7c84e	4240308	released
134ebf9f-1250-47c1-9bca-f4e0e152d2ac	8828489a-e6fd-43ca-9232-e1b759d6edcf.rna_seq.augmented_star_gene_counts.tsv	d53f663df87cff93587c645cacf9cec5	4218573	released
e9e1421b-3a11-4854-a151-4724ab17a193	02aa4891-0590-4a2f-bbd1-da2c88cc1508.rna_seq.augmented_star_gene_counts.tsv	002890408666dbc88534ef994d41ae16	4241165	released
1117dfdc-a2e5-4d59-940a-2465da7fc914	2835bce2-bf08-41a7-98b4-f488159b2685.rna_seq.augmented_star_gene_counts.tsv	d9155a8c214a239a51262edc099036c6	4226539	released
50232bfa-a012-42b1-97aa-2da7d0cb30c2	a97448d4-418a-4e9c-bd75-c4d217c20c89.rna_seq.augmented_star_gene_counts.tsv	2665bc052131ca1d5be4534e2c4672b4	4208404	released
d07e6f35-2d7f-4bac-804f-a182d09efab5	6342cded-bcfe-4287-8307-147cc57e861c.rna_seq.augmented_star_gene_counts.tsv	03089c58009e1e87904540f960538bd0	4233976	released
e72ffb47-2cbf-4cde-9431-fffbf50f5013	1d4b52d3-19d8-4af9-bc8f-c27cb8531854.rna_seq.augmented_star_gene_counts.tsv	b7f859a9f56a45ae08818ab618a65d75	4227347	released
ed6b41f6-88de-486d-89b3-62a2bbcab933	653f256c-9da6-470c-9b35-81490d95b709.rna_seq.augmented_star_gene_counts.tsv	1037e500f0a5db53b3bd8b34b67b43b4	4209013	released
52b7ad50-c77a-440f-b84a-f535884848f4	3515c93d-73e5-4aec-9186-2e8bd47deae2.rna_seq.augmented_star_gene_counts.tsv	eeda1cd4c6d496e783d0f398336fd80f	4231602	released
a69dcef1-a951-4b7d-a468-1b46227216cf	5fb97b4d-9c0a-4e1a-9549-032c6d879c8f.rna_seq.augmented_star_gene_counts.tsv	3cf199b2cb6d65b2d3dbdc234377f7cb	4203988	released
85576648-5d5e-4044-b249-d7aac6bffc6c	ef8ca46a-0312-41bc-8329-7db4b306a300.rna_seq.augmented_star_gene_counts.tsv	8c92c6b8f54dafd6821ecb9cd322d0c5	4208256	released
ee35fc92-bfb2-4542-8786-61a896709de8	002260fb-3015-4876-b8fd-edffd7fc95e8.rna_seq.augmented_star_gene_counts.tsv	02270ea08d00acfdce86072554d24f7d	4197494	released
ac9d6b6d-37e9-44ca-9f70-0e6351c39341	2f00871b-1c4a-4fe9-94f6-42493fd95841.rna_seq.augmented_star_gene_counts.tsv	0c72a81086b0947e78e52aa3804c42d8	4221147	released
7c802f6c-03bd-4612-835f-c82f6b8f2137	9f938aa7-9fc1-4893-aee4-15ab668b9260.rna_seq.augmented_star_gene_counts.tsv	14aaa84fb2138c7d738d057b693f80a9	4250317	released
0ece8b9b-d1c3-4f03-b70d-6bc06c6f52ce	a585711d-48a4-45bd-bb45-f9d2a7717af0.rna_seq.augmented_star_gene_counts.tsv	25207b9becd97f541d1aff7d828905e3	4229724	released
a2949ed1-4940-420d-aa1c-1e0625559f27	97df7d70-eaee-41aa-955d-8ece8847ea7d.rna_seq.augmented_star_gene_counts.tsv	c70a014c6a16b5e083851f14263e1840	4236829	released
bb4ec992-dd81-4758-b4f2-7560fbc4cf2b	c8e4e659-7477-44ce-9f69-52d916efd8ef.rna_seq.augmented_star_gene_counts.tsv	09a215ad24012641d8f5702b26712077	4246009	released
4c02a1c5-5305-4a42-8a5f-b29767cd7497	65567450-e04a-4251-9939-8d2545077236.rna_seq.augmented_star_gene_counts.tsv	d57013b598c755ae21d20cf024d41113	4239604	released
bed26cb1-68bc-4316-900b-ba2a1735c572	efbe9842-9837-4b26-9b40-3b836b70ef4d.rna_seq.augmented_star_gene_counts.tsv	6e1dbc4213fdc261f9165d31500b6df3	4243955	released
c0b3d3d9-d4aa-44b4-9446-0bcde08a3592	acc574a5-4c54-42b7-a60a-45017c7766a5.rna_seq.augmented_star_gene_counts.tsv	805a6c80ff4c14117d9a2a4755196709	4215760	released
dba10e27-3793-4de2-800c-008ad0a567bf	6ae6442d-6817-45c1-9ab0-f2195449bd48.rna_seq.augmented_star_gene_counts.tsv	c6639a436cb37fbbda8e0dfaf3057f5b	4216539	released
6e78bd1a-22cf-4f01-b4ce-3a624ebd4747	ee82b705-e117-46ba-81eb-bad429c3f9ce.rna_seq.augmented_star_gene_counts.tsv	717d732b105092dae1bf89b0e7014d06	4196118	released
d04bd284-1b23-40ab-a130-3d0c5af42600	936b0acc-2f32-4d37-bdae-6246be4fe0d9.rna_seq.augmented_star_gene_counts.tsv	025085cba3383923b335a93334c36793	4212366	released
377fd22f-52c4-4918-a5ae-5fa7d22db4d9	f06c5504-e66a-41e6-b0b6-fa20936288a2.rna_seq.augmented_star_gene_counts.tsv	e43680a1532b6c37ec58035b6335b11f	4173782	released
595f29fe-09ac-444f-a0f2-a9144112794e	3f1efee5-4d26-498e-b28d-1a4a4d5a35e5.rna_seq.augmented_star_gene_counts.tsv	4dd60f261f66e6f35a6ae48f72578013	4196510	released
b0f02da2-1d7e-4a4c-844c-6cccbc1d4d3a	396ea0cb-40bb-43df-b94d-d8e25a34a371.rna_seq.augmented_star_gene_counts.tsv	9a39b7175a11a179b79c5fc5ef721b2e	4168467	released
df9cf517-4084-4868-80e8-99b812f585af	f46d220f-d2b4-443f-ad6f-7676440f5cc5.rna_seq.augmented_star_gene_counts.tsv	b468addea617e8c4ea0169f4b8a0cefb	4208086	released
fe1af065-a8a2-43c0-82a8-8b8f2ee217a1	09e36262-1093-4185-9294-3653b528096e.rna_seq.augmented_star_gene_counts.tsv	f24d9b54da90a1cbb040ac1498dc4dcf	4209190	released
2577d221-4cc4-48b7-b4e3-70a07f547213	b6ee88b3-46d3-4ec6-b97c-3ca98e3c0f56.rna_seq.augmented_star_gene_counts.tsv	1eca38f2d6a300cafe74d26d67171741	4200933	released
e522d4f6-2e88-4132-9599-36c4f6e7aaa6	19a4c6d6-16ba-4697-8196-36de4ab49812.rna_seq.augmented_star_gene_counts.tsv	859ce6984718fc73acab99d7d95e478a	4194791	released
bca8964a-a5c1-47b4-a53d-db8e8b71b9d9	6f6a87ce-1eb5-4c79-939a-2b207321bb3d.rna_seq.augmented_star_gene_counts.tsv	ddf28fbbb36054c1a418c0bc04f9eb68	4220583	released
de5db4af-433b-4328-a9f9-35f601e1a74e	56bfe1f6-369f-48a4-8cce-b3b392e29390.rna_seq.augmented_star_gene_counts.tsv	7a8a58de8d66899178c025c85a96d1a3	4207240	released
ace5e022-7942-4654-9967-bdd2c013dfdf	d7fd49f5-358f-489e-bc7c-67178f085e47.rna_seq.augmented_star_gene_counts.tsv	4b02e21d460d7292de6128698de31295	4198094	released
f07b4823-d4e5-49a5-964e-8f98b03ec5af	bbe169cb-f057-423e-9a71-32a3f9d1ccbb.rna_seq.augmented_star_gene_counts.tsv	139fcbae23340455f02a154836ee39c0	4194540	released
853c7e88-d3c4-4074-aa85-17f63b3626c3	52fa79aa-0246-44ce-be37-f9f83c666fcc.rna_seq.augmented_star_gene_counts.tsv	39a2cc309cfd495e7e2c4b621e4eb90b	4208183	released
72af5127-c87e-46e8-a031-0854773bddaa	47779d2f-4136-4b55-9ca1-b1c6346009d5.rna_seq.augmented_star_gene_counts.tsv	388d54375ea94f61f54b7f44e0488250	4186881	released
87150078-8a96-4999-ab9c-412008ef5259	416428cd-c0b0-49ae-be2f-42110002abac.rna_seq.augmented_star_gene_counts.tsv	7a5b1bc0a355296c474ec2a0b8925497	4196951	released
efa27197-3932-42d1-8cb5-aac1133ca080	6bf9478f-6deb-4ccb-9478-8fae86eca60f.rna_seq.augmented_star_gene_counts.tsv	2de981283e6da7a541a446429fb939c8	4192890	released
2df88806-fbf2-4111-94b6-6f07901c5c94	a4a45b7b-7511-4f7a-83ef-1c09242228db.rna_seq.augmented_star_gene_counts.tsv	5133ada99a7928cdd8ab0246e12d5fe6	4197591	released
aa6286a7-a5c2-447c-9919-553649a9c50c	8f697911-378a-499e-ad58-9a1313595794.rna_seq.augmented_star_gene_counts.tsv	d9c00b8ed876f2e5db4abf049d650828	4191566	released
ccb73e74-b33e-4c1a-bf12-e148f15244a8	9ff887e2-af84-4395-a36e-22359f96ccd8.rna_seq.augmented_star_gene_counts.tsv	d1610cbd82d5b63ddf6bd054b1309228	4191715	released
f8cae66d-f3c3-46c3-84e9-0c58013747d8	87f5807f-8bab-4ca2-8af6-6bd09d1ede06.rna_seq.augmented_star_gene_counts.tsv	1570f695237c8831bc1b595083cb8648	4207198	released
e7f1cfd1-b136-40e1-b443-f29af7283fb4	7399c9dd-4573-46e8-9f14-357a253ec660.rna_seq.augmented_star_gene_counts.tsv	6446640b40a4475a539acbff5346dc97	4189689	released
652edda2-5f43-4461-a93b-b6e095c498f5	2510f050-c7b6-4116-8b05-7fccca35cf52.rna_seq.augmented_star_gene_counts.tsv	f741ca0bfe3fe1ecee4cd9d6944c9b47	4195473	released
4ddb9c57-3120-4ab3-9eaf-644b0e5a64fa	44697a7a-c67e-41cb-bb56-bbcc09843823.rna_seq.augmented_star_gene_counts.tsv	2cad8fd3e3f6f340234044704348b06d	4200388	released
85cbb7cc-5a2d-4e31-96be-88d538bac0d6	6d6ee463-003a-42cb-8939-d9178f4eb48f.rna_seq.augmented_star_gene_counts.tsv	4677c0359ea0148a85b94afae4049f5d	4197459	released
acb15575-875b-467e-8517-fa1f618e0d05	65edfa31-d6e5-4cbf-90c7-f1da158f2e37.rna_seq.augmented_star_gene_counts.tsv	1cb3889901646fd5ffe62f29ddcefb9d	4195523	released
91825c6a-b5ff-4082-aaca-cbd88a1f4c7a	436b1b6a-4915-40b5-9f97-5b0ee2d6d3fb.rna_seq.augmented_star_gene_counts.tsv	d34054526f47f4c874d8817f1b0a3892	4192999	released
ff9b1f41-8be4-42d2-b2bd-96bcedc57f03	19cdeb2c-fdb2-4bd5-97da-bf15411d3f49.rna_seq.augmented_star_gene_counts.tsv	ec1dc6274c7557032ff4fc7bdc1c1fbc	4200044	released
89f7aaf8-322b-4659-9c15-f6f29d0e173c	bf3fd9b5-7978-4273-9c3f-39e3c2dbaf8a.rna_seq.augmented_star_gene_counts.tsv	1d1900d97b1b11b30f6d7ab697a3d122	4201516	released
b75759fb-230c-4811-b2bd-fd05f8f33311	25c06372-1130-44dd-bd1b-61660e57c271.rna_seq.augmented_star_gene_counts.tsv	7a3996329c1c1a6254f46e3a635529eb	4190073	released
b98be00b-80ae-42f7-952b-36f78618d764	47fd9cc8-4a7a-42b0-88ca-07d7cdd96a07.rna_seq.augmented_star_gene_counts.tsv	02b21b93db7b6191ed48d809157f653d	4197485	released
e9ada76e-3e51-4363-bcdc-839be51e35db	ffc4018e-df78-4b25-9de4-91ec58ca5b1f.rna_seq.augmented_star_gene_counts.tsv	1ae0b6574fa4a20eb77136e495964ef2	4194942	released
b57c8c2c-f54b-4ae9-a8aa-1db269362f1f	d07574f9-8b76-46c2-9f2b-ad72c9744fac.rna_seq.augmented_star_gene_counts.tsv	105e48ef1ecbe4290a07df3e91cf80f2	4194092	released
ff4233e9-37c2-43d5-b4c5-99a6d3878d3f	dd25947e-6a3c-4d9c-baa4-3b1cd9d11ee8.rna_seq.augmented_star_gene_counts.tsv	1ae69ac47586d5b0eb90e166a1cc0053	4198142	released
0e715b20-ad08-47bb-b69e-c8c8c48a44ae	e0035fb7-2f39-4dd4-bbdd-876467eec9fd.rna_seq.augmented_star_gene_counts.tsv	eab60e79ca781391d6bc97cc4bb2b067	4192964	released
9ee4aa81-4dcb-40f3-ad68-106a05740f9d	58227cbd-97ea-4d9d-96ce-543f9e72030b.rna_seq.augmented_star_gene_counts.tsv	d0210cc43a5505eee85719d5404ab99c	4201219	released
f98a844c-7e1d-40bd-876f-a0bbd5cac902	0b845751-17c5-4c16-8281-4c9b6e18604e.rna_seq.augmented_star_gene_counts.tsv	94984c944cacc44b0193bea444a0a4de	4201747	released
cc5db49f-0ccf-403f-854c-8b12aa7ee528	92ea1780-faa8-4a78-b33b-f3301455754f.rna_seq.augmented_star_gene_counts.tsv	d9a92a14c7a1d504175bfa9b978a5137	4202809	released
6100538b-9b33-4bfd-b12b-e8de0cbe3b4e	c30d96c8-64d0-4752-9add-a28487baabc1.rna_seq.augmented_star_gene_counts.tsv	b10ab3d42eef3df1239ad7b3cceee7ab	4194678	released
dc483ad4-8346-4fd9-a2b9-5c5f463353ce	680e66c1-c25b-4b7a-ac4a-e50a8aad6531.rna_seq.augmented_star_gene_counts.tsv	e287d6c0c2e583124304a560df64704e	4201718	released
24fb2b4e-bc69-4b86-8572-7d4705dd7c36	de47cabf-2576-4c74-8596-4b5ae0e4606e.rna_seq.augmented_star_gene_counts.tsv	7ed7e5eccc1afe34eba1cd2023b9e962	4193747	released
d33869b3-583c-4c67-ba8f-bb91e9368b32	2caf33d9-75e1-4704-956f-7e7c99c89975.rna_seq.augmented_star_gene_counts.tsv	adad9061ca46023e5d0abb0fb6ba2cc4	4196126	released
ff05f6eb-bec7-48b8-a468-d286e2b76986	2c076fc8-cc2d-482d-9616-d14aadac2933.rna_seq.augmented_star_gene_counts.tsv	fa690104d3f9abd2bd8cb67332ed532b	4211940	released
e3679172-2a5d-49e3-8bcd-0266a2a21fd9	4c58a878-c6c6-4e3c-89d4-681f2c0729ff.rna_seq.augmented_star_gene_counts.tsv	2bf0918ed3300849e3307ff8a382310d	4193501	released
ea1466b8-63d7-4429-9d8c-be0b481349c0	ab3bade4-9651-44b2-ac5a-b055daf82b82.rna_seq.augmented_star_gene_counts.tsv	439fbc2f83b30c74af7afe346f9776ce	4197443	released
93ff6084-365a-480f-b181-00f8cda0c12e	624586de-74c4-42df-bef8-c74cac7b450b.rna_seq.augmented_star_gene_counts.tsv	fc6ca7a2fe11e54222a848da460b1f97	4196521	released
270db4e2-6cbe-4a81-a6f7-98fccae2e16c	cd945731-6161-49d0-a76d-275704026497.rna_seq.augmented_star_gene_counts.tsv	289404a896834de575a94db7e91f09c1	4196579	released
6a5a5dfc-a905-4613-9c63-01282fe81b81	8d56ded1-2e51-411f-a2ca-5eccb9319c45.rna_seq.augmented_star_gene_counts.tsv	4915fcef76de6ae445ad6ea3b59c74bd	4196090	released
1e2f186f-1569-4874-8051-d0e956878d4c	9f4ac392-dfa6-40de-a86a-2a6623cb45b8.rna_seq.augmented_star_gene_counts.tsv	1df4a050240f036ff7ae5a63f6bdc459	4191053	released
d4ff0ec0-ec67-4364-b5bc-738df8c4cf7c	241e3914-377c-4f0e-889d-391308f5d6a6.rna_seq.augmented_star_gene_counts.tsv	df22e73e4fc353381c9388aaadf4b1e1	4194925	released
5bb2c4a8-62c5-4238-bc2c-c4a34d374dfa	87bac375-65ea-44e4-8371-92786695491f.rna_seq.augmented_star_gene_counts.tsv	10067e6443db5fc3b72d19b380ccc5b6	4200046	released
fdd8e1d5-7004-419d-aaa3-d759799be4b7	b3cadb26-c013-4686-96f1-b8af8c537b84.rna_seq.augmented_star_gene_counts.tsv	5461488d201034d40c81cef29b335dd8	4199835	released
32bf31af-9a05-4cc0-811c-b316991fd03f	021e8314-fba7-4efd-aaca-474d60bdb4b1.rna_seq.augmented_star_gene_counts.tsv	1185869e53412d4b3d1d2cdc21cb0f15	4197240	released
6a163284-fd51-4538-b966-fd9d5b7c9202	d0776d72-61ab-4749-ae0c-91d603f22323.rna_seq.augmented_star_gene_counts.tsv	f04dc0cd218cddc0499b599d6e6d4bdc	4196675	released
f189c788-1619-4fbf-b458-82a9c804e074	eaa6ce1f-01ed-4c26-82b2-a8bd65bd8c68.rna_seq.augmented_star_gene_counts.tsv	af493780c4c667d5be9e411c9f434400	4193951	released
621fa7dd-6650-41b3-92bf-196bc67b43b7	51b923aa-b4f5-41bc-a688-d250f2c49318.rna_seq.augmented_star_gene_counts.tsv	ed294e437942efeb1761ef4444adbc94	4192685	released
3bbac6c7-4c64-48a6-8d2e-9894c430fbfa	0b3f940a-9101-4c67-b7e9-77cb34d30760.rna_seq.augmented_star_gene_counts.tsv	5e2ac88b96f1ff3d373e818407de5cbd	4203890	released
5ddc718b-423a-4837-b159-35d9e90c4957	5bfdbc0b-7104-4e9c-ab7c-684b73897d9b.rna_seq.augmented_star_gene_counts.tsv	8f787abc4542a69f98516ca9ddbbc505	4197705	released
d4c7e604-3e4b-4d11-9754-2bd3848c1c16	0fdf6658-cbc5-4ace-a766-6240e1311fdb.rna_seq.augmented_star_gene_counts.tsv	77466124edffdf3bd7575e7ca0836433	4192970	released
1ff59114-826b-4f37-99dd-894ae30d4e93	f26eda94-fc25-4b46-b5b6-3e70efc120cc.rna_seq.augmented_star_gene_counts.tsv	130e0f56fdb1b444257aaa77abda3cd1	4196596	released
080f8c74-76c9-484e-b7b7-16a2c60da497	0f6e1b4a-bdb1-435d-9d63-e7f35ef76106.rna_seq.augmented_star_gene_counts.tsv	843acb56c233e7c0712ceb5fb13258c6	4188530	released
ac157de6-56c4-42e1-adfa-46cb153f0e4e	36661c73-359b-44a0-92dc-f0e09c1b6278.rna_seq.augmented_star_gene_counts.tsv	7599293bc4257a9be766c405856fba0d	4196759	released
c2dcb66e-6fa3-44c6-8820-2482009de447	c73486d5-706c-4490-8732-74413efcdc02.rna_seq.augmented_star_gene_counts.tsv	e25f5e0c67b3964758435882c0b0c8a3	4193324	released
f894d952-ea6f-4e16-8c67-4f51bd2b8940	bd64e98d-76c3-4a2c-8207-36e9bb21a5a1.rna_seq.augmented_star_gene_counts.tsv	2b34b8b2e92db0679e2b6ebaabd7adba	4196360	released
dcffa84a-e1e8-4003-a612-4ec5eee48b95	7f70af89-ba32-4893-add7-e6d8b126baa9.rna_seq.augmented_star_gene_counts.tsv	b44adf7a8eb6ccfcbee9315ca3266038	4197484	released
b445f10e-9c4c-4c72-a61b-78134e80fa2c	00f7bc03-af70-4cab-9ff2-c0a7b7887236.rna_seq.augmented_star_gene_counts.tsv	ace9e09087ba61ae9d50e8c86baf6d51	4195987	released
ca6f8a64-1475-4106-aa00-7d0db7d138d7	b9d03883-d4b2-43c7-875f-222180c9687c.rna_seq.augmented_star_gene_counts.tsv	f1c9c6e5b7c7549094e2bba80700c32d	4199089	released
ddb546a8-f159-40d1-abb9-5e319a5a1aa0	d59ca5d0-d9c3-4fd6-8e3a-bcf58cfcdd4c.rna_seq.augmented_star_gene_counts.tsv	e5ba162057eac1e5ae2aeaa4b0e1e0c8	4202919	released
c303e27f-7109-4ef5-b6a6-da6071a4a76d	9b4ec506-03c7-404e-9e81-147bd3a5fede.rna_seq.augmented_star_gene_counts.tsv	3d13d8a2aade9362672a5465c9f8dc23	4196262	released
ca8ebe77-f2b6-40e2-8f20-0bf350cd3722	6096e959-166d-4c1a-a0d6-c6095b75c80a.rna_seq.augmented_star_gene_counts.tsv	9acfc3d1d0d22333a82c941cd2b5bf4c	4197297	released
75ad2c12-90b9-4e30-8c75-4e89704daf46	77744e3f-9408-4efc-8605-6742da895a5c.rna_seq.augmented_star_gene_counts.tsv	c38aff90cd60e22937f31de3b1b49fae	4189488	released
a0e79791-1fef-4c5b-bbcf-7c12464e1fd4	03f497fe-1754-4a29-bab9-01e13d541f20.rna_seq.augmented_star_gene_counts.tsv	9db01aca1fdc1155bd0f69807fbe3df9	4198878	released
fc126b30-78fd-4350-a7ef-05127cddc78e	7f90803a-fb3b-415a-a912-6976b5188464.rna_seq.augmented_star_gene_counts.tsv	5326afda5aa971658a61ede69ef3b284	4200131	released
cd8eec4e-4692-42a2-99bd-11744a97eb38	cfc015f1-2dd0-4963-929e-d53475366675.rna_seq.augmented_star_gene_counts.tsv	44da626511e53392fa87c72573d05dbb	4197532	released
aa518008-3f26-471e-9299-91709a7806ba	92d6a299-df26-412b-b343-0eecd46a8fa9.rna_seq.augmented_star_gene_counts.tsv	c03ee855607b362562d104c5e532255e	4192398	released
40bae59e-f9a0-4c79-a146-c3be2d6f900f	0ee68b58-fa65-440d-8f95-cd653312a5e2.rna_seq.augmented_star_gene_counts.tsv	a12cab79962918a853357f69b2774b6b	4195539	released
2ac8fc00-0df3-4b16-88f0-72a4f373a5f9	e3072d09-e760-4956-b680-1180509b9ca4.rna_seq.augmented_star_gene_counts.tsv	717e85501f254c6af5b2c7989c796af2	4207800	released
22f8c89b-05a1-4498-bfce-02c23da31894	90d8a7b1-8e93-4dc8-9adb-fb1f678f06db.rna_seq.augmented_star_gene_counts.tsv	264b16870b9c0cf9f8ea5db1194a3101	4198509	released
a815f542-7648-4bbb-8598-9c4fe51ecbfc	85637317-843e-49da-840c-d9e07747e6ad.rna_seq.augmented_star_gene_counts.tsv	ae9b443cf479551900eb2c1841de243e	4197272	released
867e6219-2843-4f2e-a5f7-e99b5bb5d7cb	b4280d65-1227-4dd6-ba81-84bdfa4cb438.rna_seq.augmented_star_gene_counts.tsv	00069136224ea6a6a905f597c941ea02	4195507	released
ed423f7e-dd0d-41b3-b35c-31bf4396546e	4cc5206f-03b3-4977-8e3e-4c6ea83406fa.rna_seq.augmented_star_gene_counts.tsv	bd0ad43d2e1524b94eacba0940f2a88c	4197393	released
e265c9e0-a147-4ed5-9c2a-d8005142845c	95cb4391-30a4-4e88-9f45-d6dc817c1ee2.rna_seq.augmented_star_gene_counts.tsv	5ff36cd612c17c373ce902e4fddb8690	4189206	released
ab852bfc-823f-4926-bdf3-ab0c921d76df	090b2a10-8e1f-4b8d-9dbf-0f333a671abc.rna_seq.augmented_star_gene_counts.tsv	95d115ebeec94c14c26752206920314c	4201659	released
5d62d7fb-4ba1-4db6-89c6-49e30cc197ce	e75dc551-a6d1-4f98-8b09-3b977fca76e1.rna_seq.augmented_star_gene_counts.tsv	86c68640b66c677944d0fe9a31991da1	4167359	released
8787e4fd-785e-43db-981e-727a76723b14	40c9d231-f05e-45d6-a368-24c39fa194b3.rna_seq.augmented_star_gene_counts.tsv	8569386406ac5e9185793b5233fd3a49	4201294	released
6a553a08-4a07-412d-bcb9-58eb1d90188f	1cd42420-5b36-42b1-a9e5-d80c17b317ba.rna_seq.augmented_star_gene_counts.tsv	8a2324560e0c8a5a889e40aac57b8d97	4197309	released
987d0499-b384-49ea-ae28-a76194d85b4a	9c159113-5143-4390-8762-01623d6c409e.rna_seq.augmented_star_gene_counts.tsv	0752f6bd86dff61a36252e3e5d3e4df6	4197642	released
98095f18-a770-4081-a20a-e4be6ad5082e	b305e211-23a5-44cb-8c28-157de589bf7a.rna_seq.augmented_star_gene_counts.tsv	db553eeee366082251d934858eadcd13	4189020	released
0e93cda6-1c3e-429f-87cb-6599d1fc2574	5281357b-c46e-42b5-95db-dc1b18c11ffd.rna_seq.augmented_star_gene_counts.tsv	e72fd783bedaac7d1409ffa5b41f5985	4203487	released
ca487c44-794e-4f2d-9882-575a7df963d7	6eec79fc-52c6-4f07-9e55-21ac6cd22302.rna_seq.augmented_star_gene_counts.tsv	6976a5cad3c7af745c509a492514e9a0	4187840	released
6ef993a5-88b4-4c3f-90ef-18a19771bf7d	1afba27d-b237-4655-960d-347fe6bfba91.rna_seq.augmented_star_gene_counts.tsv	49cf11d0387fae518229df8248d10aa4	4196891	released
1085f238-83b9-468c-b8de-bd969b50e28e	48cc4e7d-842a-4551-8e0d-46778ba37029.rna_seq.augmented_star_gene_counts.tsv	f779e273e14184e083ae4d60570f009e	4196532	released
70eac580-5b5d-4ce0-8630-085e2e2c6b23	473a743f-5df3-459e-b9d3-625519a851bc.rna_seq.augmented_star_gene_counts.tsv	abcc66bda60cb3d3fe1c342c179e20f7	4195869	released
bc33c89a-af22-49da-b042-d0d74d058ac9	29bbe5d7-82b1-474c-ad15-600c353d5360.rna_seq.augmented_star_gene_counts.tsv	52ece3bef92e0671288b3a331213ee4c	4194476	released
dabb0e59-8a93-4aa7-8ed2-b6bd22184740	1e673c7c-7885-4ea7-8c03-2aa43464e880.rna_seq.augmented_star_gene_counts.tsv	e19a941bfd9f3b1c879045a7b51dfd10	4199568	released
47223194-1d72-4848-aa3b-221c9ffcd8fa	10bc7617-5087-4979-99c2-aaf776c60298.rna_seq.augmented_star_gene_counts.tsv	04b0e51fdf84365a7d37088681820605	4195120	released
8e99133d-3ea3-49f1-9bf8-557c4425c5dd	00bd65e5-d2e6-4ace-99cb-89bfac8571d6.rna_seq.augmented_star_gene_counts.tsv	c9e08721eed87ef9952b71a9fe82a98d	4191854	released
6ee3efe2-1932-400e-8bc7-15362eb89136	3e1c1294-7e07-45c5-b297-dc91b1cc3fda.rna_seq.augmented_star_gene_counts.tsv	f706f32f6abf0d41ad54224a70acae3b	4196424	released
46591224-ceed-4db1-b30c-b8323034639c	1831f0df-2dbf-48e3-8bf0-ae71d3f8e665.rna_seq.augmented_star_gene_counts.tsv	b98d12968912fad0bcf69e08d088d3d3	4194090	released
323195bc-0cd4-4776-98ee-4df40163e914	f39767e6-6829-4a2d-a1a4-304a2eb30e61.rna_seq.augmented_star_gene_counts.tsv	d22d8152e580149f8f91c0dacf59e2ae	4191020	released
a8f98e4a-9a0c-4124-ba75-c8365612a0ee	7566d6c3-ccd1-4909-a083-7a0b8f0d4ec1.rna_seq.augmented_star_gene_counts.tsv	c860dbe7e93dbea970c37cee9324e658	4200925	released
30bd820a-3a52-472d-bd9f-dc8818e482f9	183a910a-345a-497c-98a7-7009880465c5.rna_seq.augmented_star_gene_counts.tsv	6191312faf2b635edb92089de41088d2	4192076	released
6973caf9-c302-4f40-b762-31c49a31f9d8	d4678a7a-b087-44b4-bc9c-f8a61177270e.rna_seq.augmented_star_gene_counts.tsv	f2b594f9c280dae53d1dcae87274c5d5	4193561	released
91c2ba37-efb9-4c61-a4ca-b13289330058	033e387f-3aaf-444a-8904-c642e630b86a.rna_seq.augmented_star_gene_counts.tsv	4338d268d507226fd4433dae62761bef	4194777	released
4bcd3ba1-02ac-4284-b4bf-cda59f2bc94b	13ec9987-9d3b-4a75-8f10-f0bd2c6e48ec.rna_seq.augmented_star_gene_counts.tsv	357effbba4faccaca6a373879c01112f	4197496	released
3dc960e0-9cdc-46d2-aba1-d5d02a764ef3	a6344113-4893-486c-b429-1d94b2af04d0.rna_seq.augmented_star_gene_counts.tsv	d3ab0d111560ce222e807e6eb33e3529	4198224	released
38e10d96-15c3-43a3-a6d7-872a37ad80ef	679e7543-4593-46ed-9ddf-c5348000a975.rna_seq.augmented_star_gene_counts.tsv	53839f499a3f2088ec7661b0716e23bf	4193331	released
2557fd6d-a74a-4799-ae85-401817862b05	b8921ae5-1378-406c-9c48-6405e2f3bf06.rna_seq.augmented_star_gene_counts.tsv	31c190194b55f736e46f5482552d2303	4187110	released
b1fb79bc-84d4-4ad7-8a25-ce3b419311dc	f3def314-d525-4675-9d93-0957d181e350.rna_seq.augmented_star_gene_counts.tsv	d04a4babe33c7e6ecccd45fd1ab38f71	4190889	released
fa47ff29-f023-4246-b0a6-dd223719647a	1705fedc-8fcd-4260-807f-c60ecc041d3f.rna_seq.augmented_star_gene_counts.tsv	83d721de533d4827804c25553422f4fb	4196806	released
2cc2ce34-34fe-4d27-9b37-d5023ea14053	37c85ea2-c091-413d-b5a0-df72d2399336.rna_seq.augmented_star_gene_counts.tsv	5fab71a0524ddb6ec3c1636962f43c5f	4193061	released
8da5734d-4299-46fb-9311-7d3499dd0510	2ad535ad-80bb-4b74-bf76-5aa72948b1d8.rna_seq.augmented_star_gene_counts.tsv	d49b7586458bb078eeea5cc5ad62cd69	4194463	released
98ae0373-d3ad-4918-a25b-8b9ff4c5f12d	ded9021d-ab69-4f6d-8c12-19f4ae3e998e.rna_seq.augmented_star_gene_counts.tsv	8dec6f4271271a65abef917b5825fde1	4199091	released
36d1d765-ba71-4c4e-9e87-748a209d4d1f	1e0e344a-787e-4112-830f-8c27f9785545.rna_seq.augmented_star_gene_counts.tsv	2dbfca93c14ebf1a9e917994eb6a572a	4190967	released
758569a2-8da1-436c-96dc-a806f797e510	ad33911a-c00f-4ee6-9044-13f1ece08bd2.rna_seq.augmented_star_gene_counts.tsv	2e19cd5703c2e5dd93507e5d4ea1ff70	4199399	released
d404d207-4e4f-4c5d-b6b7-b576fa6f92c4	291bcf6e-03a4-425d-bd72-d7db3778af11.rna_seq.augmented_star_gene_counts.tsv	230f752724ef231eda5291eceecdf761	4198047	released
11af7fd4-8b9d-4f22-a1b6-49187693acb0	73f9c204-a5cd-4f47-995e-cdd41782c1bc.rna_seq.augmented_star_gene_counts.tsv	eb0dd4305318ef6f23115d8ed34e8bc5	4254362	released
45584684-6082-422f-abe5-ef918f8ee77a	44beea06-28a7-490a-b6bb-4e023230e51c.rna_seq.augmented_star_gene_counts.tsv	0e49970857c401cd32d811c27b8bff70	4252972	released
a9527be9-e865-4074-ae57-f3510e70c203	d6ca3b86-5a26-4467-b9a9-cb7fcc5a7316.rna_seq.augmented_star_gene_counts.tsv	9a6e10de5d3d52bfde6eea3ae5ab1dcf	4251099	released
7f724059-fa84-460d-bfb2-cb6d13e6bce9	57ab4aef-e740-4494-b0b5-3b008f9d446f.rna_seq.augmented_star_gene_counts.tsv	5125f71ad77118ae7eb6c9f8377e9056	4233283	released
aff52dfe-72ed-4139-b5ee-564c3bb92663	903db52d-a7e4-4490-b256-dd1149c78f38.rna_seq.augmented_star_gene_counts.tsv	3cbd873a3a619c472be51f13faeda38d	4226772	released
4458ad87-231d-4a58-968c-b683e3956758	41a808d1-827d-4be9-9c13-16879e128002.rna_seq.augmented_star_gene_counts.tsv	226d9cbc64691b4198703164915c7e0b	4260695	released
1da720c4-3a1d-4777-8cf2-51fd4e064f42	3bcf16da-5dc4-4ac5-9793-431cc48f72b3.rna_seq.augmented_star_gene_counts.tsv	a8f93ec9623be7e850ed6b228d4ed911	4224139	released
54db3619-06c7-489f-aed5-879717c70955	c44b2bc9-7f03-4cb6-aaea-d337687f521d.rna_seq.augmented_star_gene_counts.tsv	6fb0970477b2aa95ff1754c94393bde7	4211847	released
729d0f3e-2b74-4431-9741-75d5027d2ea0	d45c7c9e-7bb9-415f-8a3d-fd3cad323e5e.rna_seq.augmented_star_gene_counts.tsv	7608eab7d424e02f0112692fe5e5e760	4210044	released
4e7240dd-cb71-4ae4-a857-b17a07647815	dcfd9708-479a-4abc-89da-40d61b07219a.rna_seq.augmented_star_gene_counts.tsv	c822da862e9583eedc006f5df2f7eb6e	4231229	released
41f511c4-9934-4ea3-bb47-dd3f26fa012a	a3bc1e4b-11d4-4016-bfec-710647f4eaae.rna_seq.augmented_star_gene_counts.tsv	fb01b73ae7d886c16b0444f3a79ef27f	4223705	released
391f8c9f-cbc8-46cf-9697-5947802e5df5	4fcad611-1a3a-4951-a679-93ab54241674.rna_seq.augmented_star_gene_counts.tsv	d0b5e45f2fbbb9291d0cbdbe7ed299ec	4234136	released
03c9bfb8-dfc1-459d-b6fb-f6c5e06fc64f	41642c94-2337-4f01-9028-5a6d41551a65.rna_seq.augmented_star_gene_counts.tsv	2bd13ac82b65837f364013de59a6a868	4212533	released
70ca64b5-fea6-4d62-a8c0-39b9ca447ad7	0e9649a0-1b02-40cb-bb9c-72f93957a6b6.rna_seq.augmented_star_gene_counts.tsv	202bcc30c90713783540be2a30b785b5	4244867	released
afa9b798-f0be-4c66-bacc-158bb04ca420	cddd1e0b-8c4d-40f5-af3a-b7dc842dc5b4.rna_seq.augmented_star_gene_counts.tsv	51199a4a52720121716f508c08ece7d3	4203292	released
b0a41520-cdd2-42cc-89f2-01ae1fe61e17	2e74f5df-1bfe-4bc2-b17b-18ef07683016.rna_seq.augmented_star_gene_counts.tsv	9ba7325e6efe7286159db0730d19d0aa	4228675	released
5511dc9f-7579-4110-a0a8-df1b8a23550d	6623b6f7-a114-443e-9abe-70df851fe495.rna_seq.augmented_star_gene_counts.tsv	52d1f4a3d01d3df3ff5ae9420748c370	4206234	released
f152b570-ba35-4123-ba0c-b5ecb78759e9	aee282bb-3bfa-4f89-9fca-62ff4a77259c.rna_seq.augmented_star_gene_counts.tsv	a202cfb504c0c43997d42d39324552a1	4240643	released
38273090-43dc-4db8-ad1c-aecf2dc38ab5	56fe47b3-4b1a-458c-b844-96c7a1f4be60.rna_seq.augmented_star_gene_counts.tsv	2c25ad1fa9274895aca2ad741f6bcddb	4226777	released
ba63ec40-3220-4eb9-9b98-1f754ecab076	6796d1ba-6f69-446a-ac53-f6b2ac05ed94.rna_seq.augmented_star_gene_counts.tsv	2a65c3273bdf7046d6e5241491e7470a	4213990	released
8a6f640e-285b-476f-92d1-e6d46b566ec9	dc22c968-b1a5-4904-9874-3b337872a564.rna_seq.augmented_star_gene_counts.tsv	e69f3181ccdbf4e744f00d37280895c3	4198402	released
6174ed0b-35b1-4ff5-ab75-b99905de2fff	a3934895-48ec-426d-9fa9-1c96932ea547.rna_seq.augmented_star_gene_counts.tsv	0654795d9ed68fb705fd5d6f618ef22d	4222496	released
b20c54d5-0035-4e5d-95b8-cbb825679cf1	54db9e69-7fb7-47e8-960f-406023cda3f6.rna_seq.augmented_star_gene_counts.tsv	1ba4ea0aedae6841d8239abe244d2c4a	4228338	released
fea3ed06-eedb-4b19-9904-ee88573cc23b	9ed0c331-aa64-4928-83d1-7fb6be9b0d24.rna_seq.augmented_star_gene_counts.tsv	d60a2e2f85f8ef715327ccea5d24225a	4198388	released
9e57a9b2-1a21-4bb8-8852-9a2239d3b688	2c102986-13e0-47df-92ff-8dea336c5758.rna_seq.augmented_star_gene_counts.tsv	bbe2a6cdda4587b5c8b9023d4505b4a5	4218185	released
8c933094-aad9-4327-acde-caf340ef7ab8	dd856a54-8742-4a1b-b4a8-5288585e74cf.rna_seq.augmented_star_gene_counts.tsv	ca64e330b569b9b711836bc77f89c928	4198953	released
e0309257-877b-4676-85d3-d4e0d5854328	45939b89-9b0f-483f-bce0-e1a150778d5c.rna_seq.augmented_star_gene_counts.tsv	8f3093a4a680eb33b0cf6ba3ae1a571d	4225500	released
d29f4199-cdfd-4957-ae98-73639a9c6079	f1e124c2-9efe-46b4-a0d4-60e8d0b0d197.rna_seq.augmented_star_gene_counts.tsv	e71f0e14fbde455bc4af9288d19881d9	4234331	released
af538b50-a640-409e-8074-8ce929af779d	94c2df83-7687-4fed-a486-e2ca2a95ac05.rna_seq.augmented_star_gene_counts.tsv	834253c512792276871c217867139e32	4223706	released
f3323bec-8ef2-4217-925b-93daf63dff98	6b7f141d-6658-4954-9b5a-6aef30173db0.rna_seq.augmented_star_gene_counts.tsv	34ac23235715e48b139a3df53451478e	4233933	released
c032aac0-6cba-47b7-8487-62d25a42dea4	05bee643-cd27-43bb-9018-57bc9706987f.rna_seq.augmented_star_gene_counts.tsv	f30df417a4c4befcb7e8e8811c7f5527	4234719	released
11be116a-2014-4685-99fc-13badbb91841	a7e786ca-c30b-4274-b074-df47d84392ec.rna_seq.augmented_star_gene_counts.tsv	36ba4cf42dc2f8ddf69650aafc0aa021	4218768	released
6ce84281-aa29-467d-94d1-c31fc43698cb	f20e7516-f8e2-427d-8194-16de73e85016.rna_seq.augmented_star_gene_counts.tsv	e73180857a85e3fa8de65fdcbbd15db9	4233956	released
2de49665-f00e-46f9-899b-95f4eb08c0cc	b3f4bbe6-d54a-4bbe-8183-6031370ff32c.rna_seq.augmented_star_gene_counts.tsv	56b03ed8d96b365a2e4d1e49121de2e6	4228746	released
ba98bb3f-47b0-4f8d-8e24-db64218cf2bc	5330d167-de7b-4797-ab91-705714a1a84e.rna_seq.augmented_star_gene_counts.tsv	b11747cb2e508841b090522a64d25f62	4219536	released
432a058b-9067-44f4-845e-25398244766e	e3accab4-743e-4961-9db2-07b73722506a.rna_seq.augmented_star_gene_counts.tsv	78deb76d63fbd55a33602ad8c4257b54	4231809	released
59dc6b77-c10c-44f2-a7c7-24af328fd3a6	6d08dd17-cf05-4c37-b0f2-5496ecd02389.rna_seq.augmented_star_gene_counts.tsv	a38603757e4a0796ecc83686d62c0a4d	4240792	released
14ca64b4-55eb-4ad5-bef2-86fd57782c1e	475d0f22-442e-4552-8449-549a3f6d5802.rna_seq.augmented_star_gene_counts.tsv	86d2630f0bc059e62251b4e8b5302175	4226422	released
dad7a1ac-33d8-47ab-9a4c-472f739b2dab	c8fa7e78-dc7c-4ff4-a5f6-a3d2feb51927.rna_seq.augmented_star_gene_counts.tsv	f03ce1dad811bebc36ad0400138f7d4a	4236294	released
2cb90e9e-34ba-4766-a7db-f805c37d54c3	a6df9aa1-bec1-40fa-8d46-58d739c48cee.rna_seq.augmented_star_gene_counts.tsv	c5ccd3b3a61019897b94fb9001c67d69	4214000	released
901ae081-c6b6-4f9e-93f7-aca605b4fc26	8eb21a96-49b9-494c-848d-7bbe78d6d381.rna_seq.augmented_star_gene_counts.tsv	c1d36e5a2172dc88d9635767040e6432	4202589	released
a066a1d2-b6ca-479a-87bb-c7dd31df7bc4	6c2cfae1-b625-48be-8f9d-f0a39456abfb.rna_seq.augmented_star_gene_counts.tsv	fcbe5c8a201158ca403f1aa80c933bae	4215383	released
899b496a-f5dc-4363-a063-fd297dc9c682	e710bfe3-42d1-4a38-9f83-e3c7d95ca910.rna_seq.augmented_star_gene_counts.tsv	ef7be4d5c67d013d4b0099c5a422be83	4248863	released
da5fe1ae-b4f2-414d-ac0d-80aac732b02a	d894e11f-301f-4de1-8a80-c51ca4c27e45.rna_seq.augmented_star_gene_counts.tsv	c70a69018b621aec58ee84cc759157d0	4235660	released
189d439d-30c1-46ee-8649-d83d0d430a15	103c8aa7-393e-4ddc-abad-3af291bbca01.rna_seq.augmented_star_gene_counts.tsv	320620d039f53c697785a991fd47b237	4218520	released
9cff2c24-657b-4b26-9cfb-5e170318e471	3f6f7053-538a-4d29-94ab-8022d5c25364.rna_seq.augmented_star_gene_counts.tsv	38e7c1e8ba29175c7415f23b78efb087	4219436	released
dd1d63d2-450a-4c22-9da9-daa8984c5aa4	129aa374-5c55-45b3-919c-f14603eddda6.rna_seq.augmented_star_gene_counts.tsv	f357bb4fb8db777431ddc376eea2e4f6	4223180	released
6bfedbd4-6cd2-4cbd-ae78-449cd01d6792	f12d3d97-25b6-43fc-a3d6-f852d6a3510c.rna_seq.augmented_star_gene_counts.tsv	58d0e119a4ebc5261021c7150ca0b0f4	4240580	released
0f2afe6c-874d-4b00-af46-3ff7bcd9caec	65473d54-8aa9-42b3-bde3-49b364f3e171.rna_seq.augmented_star_gene_counts.tsv	0528305256cf50736eb67d1d88dc7f6d	4206368	released
932c358e-cf12-48eb-a76c-9eda7ab7e220	29528ac1-b1c1-400d-882a-7ac09e258019.rna_seq.augmented_star_gene_counts.tsv	f3b1b4b3dc4124fb4a4558d59b3f5602	4216790	released
be990bed-9dae-48e6-855e-c532accabc8a	7e76f50c-b16a-4c24-ae6f-5fa25508f0c9.rna_seq.augmented_star_gene_counts.tsv	a27cbca3165778dfc9a24019db9383ee	4238396	released
b740e540-4203-4310-9882-7096a27515b6	d18520dc-f099-4571-b2f7-a98c4a904d65.rna_seq.augmented_star_gene_counts.tsv	49ad89084a2787a43ee0a20f41f4b338	4195598	released
5dd4f92e-720f-449d-8ead-d29dd528c402	4831b759-c5dc-40d1-8d0f-b4fc4bc1eb32.rna_seq.augmented_star_gene_counts.tsv	684b0faad81bb99a96aa081f49421df1	4220262	released
048e1c6a-4a9b-4379-9f42-b205176cddc7	e72e02e8-c91b-4965-b021-35e12b6e617a.rna_seq.augmented_star_gene_counts.tsv	390d0abb59d6acd2ce137c1cd58d8fb4	4237948	released
ebf3becb-b871-42dc-858a-1600792485a4	84da61c5-2465-4ff0-bd07-060988d2a6a1.rna_seq.augmented_star_gene_counts.tsv	1adf5ac0eaf055030ae182dac3acf89b	4226180	released
8a43b118-08dd-4b7f-991e-1d7f3da316fc	b7c43b1e-7d86-42ed-b1a7-9ffc2df5684d.rna_seq.augmented_star_gene_counts.tsv	aa7bd4a6329eac1eb7efc01fe5c97bd0	4207661	released
0f68cfdc-4abc-486b-938d-a7bea44b5c6c	986d87d1-0f27-4833-8be7-31678e0255b5.rna_seq.augmented_star_gene_counts.tsv	10ec3481e259b32011a5d84322de9eba	4240736	released
e8d266ba-0e62-4e19-ac28-93a56041a8b3	0de12afd-43cc-49e7-a932-21f43ec4f92a.rna_seq.augmented_star_gene_counts.tsv	3a06c5a155726670319cd2f717f4bdf6	4216032	released
fd97077f-d9c0-47ec-82bf-0334720b01f6	c5f2e898-f42a-44a2-9b3f-8af491c99857.rna_seq.augmented_star_gene_counts.tsv	f5975777f2af672d2492d484ef91d7bc	4230816	released
ef6ef938-aa8e-4503-af4a-68a424031407	d4e5771d-0dcd-43d3-80d5-d03db29935e2.rna_seq.augmented_star_gene_counts.tsv	1707642883bc083c30956b2a072121ce	4228228	released
b37a8647-0491-4116-a43f-be49d201181b	af64c7e9-7d2f-41bb-98d0-1f468c1f385e.rna_seq.augmented_star_gene_counts.tsv	9b723bbe2644a1893cab37bedbea406e	4216206	released
47ed0638-8f2f-46a8-b012-5bafb5ca0516	23779530-e7a0-46c6-a450-c8990ffd3413.rna_seq.augmented_star_gene_counts.tsv	99cb3284c505a39c2f2dcac45bfb1928	4220632	released
41ae7547-5a1a-4549-828e-87169d6ca9a2	dcf430e3-c9fb-4ea4-8e8f-28b7a8f2faf6.rna_seq.augmented_star_gene_counts.tsv	cc59da0c425b6b5b9d35cf6200dca3f2	4201470	released
f599294a-5659-460e-b6cc-ff2daa165939	66b4321b-01c8-4807-a93c-33d44527ff9d.rna_seq.augmented_star_gene_counts.tsv	0341b35733dba7030e3cc3a33ea7f294	4225644	released
a7971a05-29a5-4f5a-a9d0-b7ea7a838161	292c0e46-268f-415e-a9ec-f8481f9cf649.rna_seq.augmented_star_gene_counts.tsv	4a61e14da899f2471a5c596315c773b0	4175065	released
5468a115-a47b-4595-8406-5e4a1244725b	65fbcad0-b1ed-4d93-bc28-e59d48326a37.rna_seq.augmented_star_gene_counts.tsv	bbac1813cf9d10b8e3676a4f2f93385d	4206162	released
eb6fd4ad-1537-4dae-b13a-8ac7925d50f8	43210c5f-e557-4791-984c-10c85e6ae80d.rna_seq.augmented_star_gene_counts.tsv	6acf348e322ffecec253deb644551f52	4221205	released
4756c15a-64a2-485a-9300-fe7d7dfd5f23	44b81931-ab7f-4c8c-827c-9e5f39e34a02.rna_seq.augmented_star_gene_counts.tsv	b9bfa658ec6808b245e2069a800aead6	4205266	released
0e95c8a8-8bc3-4016-be71-acdc9411a369	24ee1455-865e-4bf0-a7ce-de2d0de3465f.rna_seq.augmented_star_gene_counts.tsv	5efb6034e19aad472ee9fdd49284b592	4257303	released
0ac4d1c0-f140-4983-97b8-abe70bc906bf	ad937474-a465-40da-bbe6-5e82ae47a7ea.rna_seq.augmented_star_gene_counts.tsv	e9458fea090a6fab8cb7d676bd7bb700	4235242	released
ad324b70-809a-4ed0-87f8-7bb0fae093b8	4b0f0f69-91f7-442d-b80d-0bd22a45d4b5.rna_seq.augmented_star_gene_counts.tsv	bd53e1dc1452c4ee56db8c2345dc3355	4225565	released
b3a02b21-38d4-44cc-9c83-2281f99d1563	25edc1a3-9f01-417c-81ff-d68b1d30f10d.rna_seq.augmented_star_gene_counts.tsv	eee6f2e29764f353cd702aabaceec4c9	4233304	released
f7cdde77-2b6c-4022-a288-c284ef387986	5dab4ca3-595a-400d-adcc-cbc8d0fbf1cf.rna_seq.augmented_star_gene_counts.tsv	db4be32222696661ec49b3e730c7309d	4205887	released
5d7584ad-5f3f-4481-8767-2ce7cbe36bf6	eb524656-5204-4362-8a6e-bddeeaf90cd5.rna_seq.augmented_star_gene_counts.tsv	ddbe31fb36612051d484c3530b2fa96a	4213194	released
7ea6fa92-3ea2-40ce-b87a-a4b772c94a06	befb58d8-96cf-4148-817e-b34b703ba4dd.rna_seq.augmented_star_gene_counts.tsv	685ce004285dbeb8bcb76f1196fbe92d	4171569	released
10e6418e-177b-401a-aef6-6027e93cc578	4395d11f-c399-4755-8cc1-bd43bd5a8e29.rna_seq.augmented_star_gene_counts.tsv	11e7a7f72aa5b4eca9cb4d5cb3b1a4e2	4213256	released
80d0adea-d970-4f97-ac83-122084c727a7	83469f59-71bf-4fc6-9c63-2aabafbab000.rna_seq.augmented_star_gene_counts.tsv	a576a5c56dc3e15fc26e90112148affe	4210886	released
4af6b1bd-719b-45ad-8128-ba4b8eb5a935	f8c28e6e-002f-4f05-88ac-d1311f27d4a9.rna_seq.augmented_star_gene_counts.tsv	271e2af02970004dc10674f0010d7860	4179288	released
895a9e3b-673f-4bfb-a4ff-f5a102ebeb9d	863184f8-c7ce-4e48-999b-909de6655929.rna_seq.augmented_star_gene_counts.tsv	1e99dc6f1cce92702e5b00595f1a9573	4234482	released
2ac6cf84-8996-435e-b20c-5160759510f5	0843782e-4e9d-49d4-a61d-396b34532e29.rna_seq.augmented_star_gene_counts.tsv	43b5f87016a90fc95fd35cbffcc8fe3a	4228169	released
095eff70-3dda-4bea-a756-0cb73509f108	1a9c8a2f-976f-4d2a-a4f7-be0579b6ae2e.rna_seq.augmented_star_gene_counts.tsv	fe799e959a027b6d2f19772cb9a50d61	4188132	released
740332f0-d7c1-4739-9502-78e473c64740	95ae0e54-4381-438d-8451-a59f46ad6b01.rna_seq.augmented_star_gene_counts.tsv	6ed5cb3f4821b5dddc993180c9e9af80	4226299	released
bbd73309-01f5-4cbe-8e67-db0fcb728738	f8737e68-cbbb-4051-84a7-4a65fa131e5e.rna_seq.augmented_star_gene_counts.tsv	7f3f45df8976378a232a2cfdb5a7f95e	4227493	released
41bfdd27-c95e-48a1-9ea2-b3b3d9aacc97	e29fd2d6-0fc7-4a3d-aa53-3b77f0446f9a.rna_seq.augmented_star_gene_counts.tsv	b8a2d307947544f93a8c05fe2307da5d	4223749	released
cfbd7853-ad5c-4771-865e-8b88980374d5	6167bfa2-a838-435e-8e6d-87e7080e08f4.rna_seq.augmented_star_gene_counts.tsv	9ad1c3d58dc940f63aa8109f6a217084	4216844	released
a562ddd6-b589-4e2b-8790-3eb41603dacc	0909e0c1-eca2-42b8-977d-6ce327ec4c0a.rna_seq.augmented_star_gene_counts.tsv	ba092b32f764ec9fe8878c5ac22b1bef	4185102	released
0228ad1c-d5ac-4938-9157-4f7738edf233	1016d0b2-d30e-4c8d-bcb5-1a5f0b991f2e.rna_seq.augmented_star_gene_counts.tsv	6fdc8fc224fa0ffa28fecb0b7b3d1022	4227673	released
092e27cf-8d90-46cf-bde9-ea000dbe9293	1bdf7825-6cbb-4139-a359-88cb81c8075c.rna_seq.augmented_star_gene_counts.tsv	c4dadc739eb3a2755898d48bb87a4bb3	4233813	released
b3febfa9-3812-41f5-a51e-ef6b61bf2460	bcd0f777-f90b-4391-bf0c-758c157934a0.rna_seq.augmented_star_gene_counts.tsv	cf5d6915a12f6a621b94d6b6492c2d09	4241460	released
e2fae914-bd0d-4881-b908-22841ba19e1e	754671db-6c93-458f-b9b3-4cd6b6edc6a7.rna_seq.augmented_star_gene_counts.tsv	9f2ed0e08f47b5597a6ab7b399c0ef06	4220484	released
189a15c8-98c7-435d-afd1-bd1a366b0912	297bf22d-84aa-40ff-a830-5c711522e255.rna_seq.augmented_star_gene_counts.tsv	897d8fa669570e05d12069cf2220199e	4228722	released
e8929a82-9422-49bb-b21d-ddff76e78d3d	2e213c0d-f8a2-4e2a-b10d-77d8a1df5866.rna_seq.augmented_star_gene_counts.tsv	a10194df25f055670512b208cccdbc4e	4195063	released
a5944065-f1a6-4ed3-8dfd-632802b8f8ce	21ee56b5-97f5-44fe-8a4b-09484519e65e.rna_seq.augmented_star_gene_counts.tsv	c60982e8f69ad72193de21020ca0289a	4229398	released
67cbd7d5-b713-4ca5-a659-01cf62df505c	f80b00ae-2007-4a62-9ade-cd1d5996d473.rna_seq.augmented_star_gene_counts.tsv	6c4669beb4fa19a63bd3202baa6ecd03	4217873	released
ccd692f2-ae9d-48ad-8d6d-70385f97420a	5b39ea84-0669-4d2e-a60d-6b409d909833.rna_seq.augmented_star_gene_counts.tsv	df5d2151009d5c8a1fc41fc01af02c45	4217530	released
44a22d7f-4274-447b-bafd-47be42025ace	d3a75656-e8e2-49aa-b302-e7c70497d1ab.rna_seq.augmented_star_gene_counts.tsv	57807a0ee049acd089a7b28a19440564	4193195	released
aa0d566b-820e-4635-83a5-b601605c67c0	ac822469-3c05-4d2b-8177-b0adaab8e4ce.rna_seq.augmented_star_gene_counts.tsv	0ef9218143f69f6b72ed9791f89c1847	4207181	released
d3767c7d-e8b2-44cd-9584-fe952e2af87d	0c746b58-4057-4955-b496-022dbc9feda5.rna_seq.augmented_star_gene_counts.tsv	2e2656054a424f012cb0c5d2c0889262	4195941	released
cc66174f-3da1-411c-ba1e-710c09193d89	9a10bbc3-ef58-4ae4-acf7-e2975cdcf2c4.rna_seq.augmented_star_gene_counts.tsv	cb8af5bead67f1f7c8d475ebec16963b	4234227	released
b69c2c4b-59c7-46b8-8d79-4023081b5d45	388d5011-2e27-49b2-82da-0790335f65b9.rna_seq.augmented_star_gene_counts.tsv	abceaa8276f7641fda56de507e685ee9	4224626	released
e13db05c-4f9c-4cd8-a2bf-cf25a6612801	7c7bc0c9-181c-43c6-8ed1-77c152f8f36c.rna_seq.augmented_star_gene_counts.tsv	e94460ea3fd3f737e56511c76ddbb53a	4216931	released
ebbc8d10-625b-4d9d-904f-6b0f4d2b557d	0332b50e-e4f0-4903-b905-60c060d63ef8.rna_seq.augmented_star_gene_counts.tsv	291e44d528b88a6fe525520d121bec4e	4200448	released
90f0521e-aad9-41af-b5f4-fbb7a989d545	0ae264ba-2ff7-4125-9a7c-20909f49515c.rna_seq.augmented_star_gene_counts.tsv	f196738e5ae013d57a6cd3f0ad116b83	4231104	released
7c5659b4-8603-4c75-81c8-1d479f8d762e	66b386ff-c968-4ae4-8cae-f9d12c8043c9.rna_seq.augmented_star_gene_counts.tsv	b8a2789befe5e81dc5fe05c73d0d3adf	4211941	released
e6a92bc0-16a4-4c2e-9507-228debb50ad6	88d2fa3b-e72f-4ef2-b8b7-b63f733940fc.rna_seq.augmented_star_gene_counts.tsv	f698d150058ab976e227d6aefea45db6	4240040	released
57d940aa-7fca-4d0a-b471-d0ce0d06a3a3	7b8e1955-5a2b-400d-95f2-7ac6e53385dc.rna_seq.augmented_star_gene_counts.tsv	4be563f6378bfdd5a54e070c863a105b	4228009	released
fa8437f1-e5a4-4aa9-a233-424dc3303880	511c5323-dad1-401c-bf3f-091c9e873c8c.rna_seq.augmented_star_gene_counts.tsv	7a30b0ea58d18a593f089ba04b81f195	4221925	released
a7629665-cecb-46cd-acc7-a4fecee2ee5c	8dc28bdf-57a2-4da4-9da8-db322cc77825.rna_seq.augmented_star_gene_counts.tsv	501e54a079923e718c2a60aa7a92c3d2	4240432	released
5caf8b8c-95c4-4dd6-994b-04bba4b12bae	05f9e2db-3cb8-4f3a-b98f-45b712bf3465.rna_seq.augmented_star_gene_counts.tsv	454ee16536682c67f03b50d69a225f06	4216400	released
fbfcb42c-bf3b-4b4e-95f9-a4f171593c2e	21cc2b8f-d7bd-4502-a05a-76c589edc824.rna_seq.augmented_star_gene_counts.tsv	050587f71ba4560591db5b36a10b0d65	4220315	released
a23746ae-2336-482d-bf2f-b349f6ec3a1b	d046d425-429e-4ad7-8256-c76904dd7550.rna_seq.augmented_star_gene_counts.tsv	fc25d267f6894f2c9d7e0d1264742570	4212289	released
fb6918c8-1bb0-45a3-9326-817ab285241d	01c2bca0-b544-4289-82ff-4aaa0d9f05dc.rna_seq.augmented_star_gene_counts.tsv	d751b5483021a341a8980999ea6d7097	4236431	released
740a5a42-2147-4490-a6b8-8d587152988d	e72f2916-8208-4683-a304-accdaf5c19a6.rna_seq.augmented_star_gene_counts.tsv	66fbee218bd5f8d72f36ef62bdac1202	4217610	released
f159ba1c-a0ca-42bc-af2b-301ca5ca0aa4	0ba9fe8e-723c-42d3-b8ab-9957eac63455.rna_seq.augmented_star_gene_counts.tsv	e79915bf8603c6444c0aaf4a7f236a8b	4246461	released
3f1654cd-e9f7-4aef-ab37-92612c79d71e	0cefa99a-2aba-44f6-b9d0-cdd51024f280.rna_seq.augmented_star_gene_counts.tsv	81af6663bba6b3fcd33dc9d03e811deb	4208055	released
7d765b7e-c9af-461a-9d8d-8193223818b7	28fc7a8d-ddb6-4ec2-8212-fcc10ca3d218.rna_seq.augmented_star_gene_counts.tsv	cc50fd641d1e3142aeea877986c7cfeb	4198286	released
f14773a9-22f3-47ef-8529-913e8017295d	8ef4d8cf-172d-49b4-955f-bc0b548dd29f.rna_seq.augmented_star_gene_counts.tsv	07e0c8f3c28fe356437eff75f4d9e5f1	4226692	released
7c2379d1-6125-41c7-92b4-28790d601882	5db51d4d-9844-4ca9-b1b9-e589419b9dc8.rna_seq.augmented_star_gene_counts.tsv	485019be85c2f38b158f6045c54a9089	4235827	released
83c5a58c-d3b9-4414-bf30-b096e1931dba	54ffbbac-53dd-4820-9141-5e7880278177.rna_seq.augmented_star_gene_counts.tsv	4210e048551bfb7098b57df07952522e	4244299	released
b4b5d750-bb95-4497-9a03-2406f445ee44	2e2452b4-1f1a-4775-8d01-8c86e7070d86.rna_seq.augmented_star_gene_counts.tsv	74493ea2434fa055c9aa2262d5b31d79	4233562	released
af21fcca-daa6-482e-a4b7-508646b5826d	7917a7f7-9260-4fcf-a5cb-45c3b84b230d.rna_seq.augmented_star_gene_counts.tsv	a6a36813915ba3b51c1892bb20e8dae6	4257214	released
c61974cb-f1c7-4532-8507-206157d686c5	54ae7683-60ea-4e9d-b5cd-010b9614777e.rna_seq.augmented_star_gene_counts.tsv	962ba5b855ef8be1d7c29f49ab70900b	4231898	released
beca1031-f227-4216-92cc-483625769bcf	0e148692-eeb7-43c9-b5dc-0e124c51cf89.rna_seq.augmented_star_gene_counts.tsv	bdafa5cc779a22264269c4db03246448	4232197	released
026ef93a-0526-40db-813b-79ef492bb7e0	8da3f3b2-ac20-416a-9238-8baced11504f.rna_seq.augmented_star_gene_counts.tsv	0118be38a8bf5a776768942d706187de	4231770	released
8304b0e7-7f16-4b43-8efc-e855ebc4cd45	22112ee8-4879-41d9-9c52-dbfc552d97be.rna_seq.augmented_star_gene_counts.tsv	90ef64261f3ef92810aa98a712e56d64	4222210	released
db594128-684d-4995-9875-2969b08ea5aa	2f06bdb6-e011-4033-bed0-c891a171e8d2.rna_seq.augmented_star_gene_counts.tsv	fff5a2fea6f080c70a61aeb517c08790	4240802	released
745870e9-b95d-4cf4-9061-1da5c95717e0	9e1a4366-2799-456a-85f1-20ada1e9e9a1.rna_seq.augmented_star_gene_counts.tsv	9438e84b444ae3c53dc2b1faa1c5307d	4238035	released
50ca8ab3-b99f-45e3-9a5c-b4ae259984c3	f84ae70b-1d09-40b5-a8fc-d9d2f413e123.rna_seq.augmented_star_gene_counts.tsv	f7e572a825c91d005e58b1ccb3136ae0	4200560	released
bab571a8-8439-40b6-8e1a-8f87a158d4f8	766d7796-203a-45e4-99b6-a5ea8878b0a5.rna_seq.augmented_star_gene_counts.tsv	ea6b78f43a719fb81897696e9f283d04	4215459	released
73e70115-52b1-4730-8180-4fa262a67b6d	0444c4d1-3b12-4533-8fc8-57f7d8110200.rna_seq.augmented_star_gene_counts.tsv	322159af60637a0e69bd9c39b53760d1	4220410	released
3ea51054-20cd-4222-9839-93e1222d7d41	32c8feb3-894b-456c-87f9-68a0ae878be8.rna_seq.augmented_star_gene_counts.tsv	421d67907e4004de7d65af0eba4903f9	4230909	released
22a696f3-16af-40bd-80da-aa30a19ce657	644bcc0d-4106-41c1-b352-49d4ac9ade0c.rna_seq.augmented_star_gene_counts.tsv	a511eac8a493349a672510327a8eedcf	4225572	released
b2e0f2d7-e1f1-43c0-8560-fade93a65e45	30609a11-3e6a-4cab-a5f0-63444c332f40.rna_seq.augmented_star_gene_counts.tsv	98a13c604b14effc8f6136bf75ff5836	4241442	released
08aa3e7b-fe70-48ed-85d6-7ba711cc7e26	6b789883-575e-41c9-9c45-a208763efabd.rna_seq.augmented_star_gene_counts.tsv	05b77d7b0d92ab01b6c2679ce4c5b08d	4232506	released
87bce9b6-1cce-4c61-aab3-7d9270b83110	fc575790-6e13-45fa-ba4a-d148517cc66f.rna_seq.augmented_star_gene_counts.tsv	a4fc11133fb301ed43b84b3e2e680243	4226079	released
2091f287-34d4-4e4f-b0bf-37d293944dad	7cc2e818-8324-4bec-a2d6-48ca1c5bab11.rna_seq.augmented_star_gene_counts.tsv	1cfc9ab8bcefd9c504ff4fad9adfdcf5	4216232	released
2493dd4a-cfcb-4495-860f-6b0bccff3a59	278674d3-be7b-4964-9a46-b9f3d4521068.rna_seq.augmented_star_gene_counts.tsv	552fb9b76c739e08667816b9a87d004d	4234009	released
0b5c2e5e-f136-46b3-b6e6-b10a4e194c77	6de96bdb-822c-4bac-b281-ce853b682b72.rna_seq.augmented_star_gene_counts.tsv	e793520a0eb3e0666f8f166fe206a40e	4203403	released
2770e9ff-dbe6-4758-80f9-86d0f3161ec9	f5783d03-7eb9-4fe8-90c2-b2c47a5a7df9.rna_seq.augmented_star_gene_counts.tsv	9187c959bcf93479b34cc5e71b987c6b	4229705	released
d93c23f0-9907-413b-bb83-ec851bd7cf7e	61aab01f-2cb6-4cd4-bddf-f20d34fd38ea.rna_seq.augmented_star_gene_counts.tsv	77ce604b54930e611ea836d1f72e7d02	4203150	released
bc481ef0-39db-4068-8371-d7272071cfe9	b7f4c159-fe31-4f64-a8f2-44d033b898a6.rna_seq.augmented_star_gene_counts.tsv	b6a73945412dbbfea6a3e634b4d45676	4221723	released
729b8b11-635f-4969-aaa6-101b8925fd14	2f83e838-3881-4124-aa10-2010b732b0a1.rna_seq.augmented_star_gene_counts.tsv	75621294c547de5daa7406f43695990f	4239097	released
19f71d13-85be-4ed3-aee1-a963c2d448e9	5a8fe49a-9083-4656-b1d1-f3ac20562b06.rna_seq.augmented_star_gene_counts.tsv	54355a372146abf266cff453469216f2	4221729	released
c55851ef-2662-445a-8a3d-b47cc85bc836	ca6ae337-762a-488b-b4ab-0c8f154a6291.rna_seq.augmented_star_gene_counts.tsv	080d9de1326025c5372d0ffa7a0dc057	4221811	released
3260ea89-f4a3-4af2-a157-4118554efa7b	9d54496c-1a0d-42c6-b08f-9aeb34801edc.rna_seq.augmented_star_gene_counts.tsv	78c08294ec6fe234f0cc6c88e8b8c1d1	4229100	released
fc2e9114-73fb-48e5-a389-c19e56546dd2	4bbcafef-2f85-4a20-ae18-52a00dc1a23d.rna_seq.augmented_star_gene_counts.tsv	3ee582d7cd50a3733a37182f61d0c204	4242381	released
06fa4452-b9f3-4582-a2b5-c73b344ff11b	82e173c4-5466-41ba-8d80-66b6b36e3b69.rna_seq.augmented_star_gene_counts.tsv	4ad0a2e2025de60580b993176ee6a881	4238296	released
cb69f412-bfe1-40be-83df-bb21d8bdadb8	6a7c2eac-10ea-4484-b6c4-4d7a81cdad89.rna_seq.augmented_star_gene_counts.tsv	cc6bff56138d1e9f955d0a601c26d849	4257927	released
ff2423ce-5816-46c8-95f1-329b7663c0ca	49d46965-a760-411a-8016-31a607aab3a2.rna_seq.augmented_star_gene_counts.tsv	870786bfe93d562b0bf475f91e423f7c	4255985	released
b692bd8a-b87a-4b69-a7b2-0ac276511d0c	0b639a1e-62bb-4a61-b311-5b2b0076c772.rna_seq.augmented_star_gene_counts.tsv	268253417c37f93dc6f05f39f85a418f	4237673	released
02940d26-58bb-4abf-a6d1-a062942c8fd5	68c35421-24c9-4d6e-9418-10209686bf58.rna_seq.augmented_star_gene_counts.tsv	7794d0e8048eec96d6f2fbee2679fa9e	4227138	released
f401b697-9e7b-4a13-82bc-935185bc8a8e	60d2006e-5527-475a-9f2b-8a2e4e73b447.rna_seq.augmented_star_gene_counts.tsv	aedf2b58a42bb4441da6b81f258b996a	4249148	released
b5394b4d-909b-4795-8db2-fe13e613b282	f71b135c-ace4-48f2-9cf5-29dd92b0aad7.rna_seq.augmented_star_gene_counts.tsv	ea04eb9d267505d57bf053c977bfadf0	4244185	released
83945d3d-dced-4fdb-982d-726490a63d1e	3a575817-bbf9-40d5-80d2-c4c0caa5c706.rna_seq.augmented_star_gene_counts.tsv	57ee3153286b53c1b5dfced3bfd6eea0	4264514	released
09df2334-dc14-46ba-9e3d-1e51e45fe91a	29948241-17cb-46ec-bec8-0eeaae9689e1.rna_seq.augmented_star_gene_counts.tsv	2c2c71401af621fc624671d72a35de24	4237882	released
ea6151cb-ad2a-4564-a128-c6b3540ac185	45b8420f-4af2-4b0f-8ebd-b351ee923e3b.rna_seq.augmented_star_gene_counts.tsv	7cf2d321620309405ec855c220d56e8b	4190791	released
ab73b48c-14f5-48a8-8b5f-1b027cf39f4c	37616e77-3318-4194-a5fc-f38fcb98de14.rna_seq.augmented_star_gene_counts.tsv	82ad465911b69acfa5d4f58ba3794a3e	4226650	released
5c0022a5-e532-4ef1-9a9f-2b1e3d2e98ab	e2080c22-41e2-4591-86ed-89076e073f11.rna_seq.augmented_star_gene_counts.tsv	828ff4e70d9fd7c976d45987f3bb53cf	4202160	released
4d11569f-74a0-457e-ad97-f9b54c8eb012	52350b20-e7bd-4ed3-afea-05a46fc4d20b.rna_seq.augmented_star_gene_counts.tsv	726420c97db27dbe945767df0d4d12e2	4225726	released
dc4217dd-85de-4e16-9b82-e95646679725	10be1d47-6f3f-407c-a129-e80263f950c9.rna_seq.augmented_star_gene_counts.tsv	32a47de301307f9e6d3a8dfb90501255	4198683	released
5543e92b-10c5-4512-9fe7-7a22781b3d38	8e2e5e0f-d9af-40f2-bbc6-3feb8f2532e3.rna_seq.augmented_star_gene_counts.tsv	97eee79940d9fd2decab9e015a804088	4232443	released
683c7b05-7d58-4d89-9f96-bd826da701cb	e0bba6b7-4b49-4e5f-9ce2-89df746f2d75.rna_seq.augmented_star_gene_counts.tsv	39c20d1e0762e62a1fdf21932083e655	4235151	released
14f2af3f-22ea-43f2-831b-0e454c5af104	9ca69660-8886-44ef-96cc-fdb150fc0a00.rna_seq.augmented_star_gene_counts.tsv	190d337918b6c951167658dd297d3b83	4230112	released
b8a23ff9-08c0-4def-91b1-4c30f3992aaf	79aac4b4-e67a-453a-a0e7-6333d74b8f9f.rna_seq.augmented_star_gene_counts.tsv	ba3bd2aa0228e05ab600fbeaa8b87823	4213701	released
30729813-578d-4d8e-bf75-90a76298ac24	9717b760-47a4-4d3d-b406-02511589aab7.rna_seq.augmented_star_gene_counts.tsv	136eadfc89f50c9c57e0420206f4428c	4227941	released
4d8d2a86-fcb1-4294-a621-3039dde79d29	21272596-c2e3-43e4-83af-1eed2390c6b9.rna_seq.augmented_star_gene_counts.tsv	7521c3af2bc3cfdf1c3a1d42ba5f4f4e	4232013	released
bc3f4bc7-5168-4e78-90b0-a0c2c99c9f82	06914ec9-1ed8-45ca-a617-1581ace8f1c1.rna_seq.augmented_star_gene_counts.tsv	65f001aecbb0f10e58552d6fb3c889bc	4202397	released
59cd645e-2ecd-44aa-82f3-86bc0e258355	4c718361-7d6e-4c7f-b3bc-7af0fd97e143.rna_seq.augmented_star_gene_counts.tsv	803893bb469740d276ce55f07c4efdbe	4257145	released
19b2a650-7288-44b2-a1a7-e22dc5663565	79d6f5e8-05a0-45de-8bb4-f3440cfddc03.rna_seq.augmented_star_gene_counts.tsv	fd133f4bb0c86a8788c1ae91be2f5b8e	4222660	released
a8439214-f812-4ec9-be97-b3902d14c068	39abd011-c493-4a36-ac44-96105885baa3.rna_seq.augmented_star_gene_counts.tsv	a92b6584b3e21b79424fbc436f8e002f	4228181	released
5b83126f-7eee-4a7c-9c94-6f906597a1c2	5130c257-c6b7-42cd-9049-839a4aadc894.rna_seq.augmented_star_gene_counts.tsv	23eb38152fb338ba24f26461578d213a	4208925	released
fc35f4c7-23b0-4c0f-b945-6b230111d340	8193cb3c-b82c-4696-b7e6-51c7fb1d6347.rna_seq.augmented_star_gene_counts.tsv	7fd8ea5f1cbd4b7e6b749d1625f9b68d	4224659	released
1946a779-36fc-4835-97c2-672a8fd88bd2	9b61fd94-d7ce-434a-bbdc-3af1e8abc17f.rna_seq.augmented_star_gene_counts.tsv	5294aa20e24c7209f59f547495c94395	4207809	released
2d508acd-2761-4edb-8a4d-262c99dbcc0a	49017cbb-6766-4998-863a-51cf18f81530.rna_seq.augmented_star_gene_counts.tsv	8015472eaeec0efc4201f50589cedd97	4218146	released
a0327717-7181-4cf7-862c-18e7185d6195	62e69906-d760-4979-95bc-a49e9542890f.rna_seq.augmented_star_gene_counts.tsv	51b21bf8002378a131f24f6ae68dc53a	4227833	released
5ad30f0a-cf6a-43c4-a13a-df505f714a1f	af92b0e5-ea60-4172-9eec-b693edc6b01f.rna_seq.augmented_star_gene_counts.tsv	551c5a83edf55cf10b18642595a694b0	4231191	released
3e33ab48-12ea-4a35-8b9b-5cc317867081	2050ba9e-d051-4d0c-9461-7d3ebd185c42.rna_seq.augmented_star_gene_counts.tsv	01ce7b93151ebd9b083e054c868bd8a9	4216085	released
