Cancer id,Cancer label,Population id,Country label,Sex,Type,Year,ASR (World),Crude rate,Cumulative risk,Total
5,Colon,112,Belarus,1,0,2017,21.91819006,32.98091933,2.73178739,1442
5,Colon,112,Belarus,2,0,2017,14.70986347,32.96791438,1.800489948,1677
5,Colon,124,Canada,1,0,2017,21.133315,40.98216491,2.388246394,5534
5,Colon,124,Canada,2,0,2017,16.76062818,37.35992123,1.808588909,5131
5,Colon,152,Chile,1,0,2017,5.845214163,8.681752488,0.7096304057,17
5,Colon,152,Chile,2,0,2017,12.85320709,24.66942964,1.273530718,50
5,Colon,156,China,1,0,2017,18.60304688,45.50281616,2.215151931,2040
5,Colon,156,China,2,0,2017,14.17898335,36.23162635,1.645276273,1681
5,Colon,170,Colombia,1,0,2017,10.2723897,11.9492045,1.094836737,252
5,Colon,170,Colombia,2,0,2017,11.02578689,15.72629488,1.241739243,363
5,Colon,191,Croatia,1,0,2017,29.93347068,63.23501983,3.506511222,1268
5,Colon,191,Croatia,2,0,2017,16.51421262,44.20545579,1.900872682,950
5,Colon,196,Cyprus,1,0,2017,17.04272553,32.73959213,1.848127966,138
5,Colon,196,Cyprus,2,0,2017,13.68107978,25.74944435,1.412182467,114
5,Colon,203,Czechia,1,0,2017,23.77949423,48.41024853,2.790412391,2521
5,Colon,203,Czechia,2,0,2017,14.39825297,35.69337588,1.64409168,1921
5,Colon,208,Denmark,1,0,2017,29.93850673,65.78414986,3.766898689,1886
5,Colon,208,Denmark,2,0,2017,24.89405268,61.20103313,2.993636957,1771
5,Colon,218,Ecuador,1,0,2017,10.95455247,10.24264282,1.170176551,95
5,Colon,218,Ecuador,2,0,2017,9.843101504,10.86880339,1.044504809,107
5,Colon,233,Estonia,1,0,2017,23.84048118,45.53447299,2.694947335,282
5,Colon,233,Estonia,2,0,2017,17.81995627,51.14078327,2.027414873,357
5,Colon,246,Finland,1,0,2017,17.56527186,39.28963457,1.92107613,1067
5,Colon,246,Finland,2,0,2017,13.71123684,38.53199543,1.498140755,1076
5,Colon,250,France (metropolitan),1,0,2017,21.91997115,47.61694739,2.583548762,1749
5,Colon,250,France (metropolitan),2,0,2017,15.64246322,39.81225487,1.739870695,1548
5,Colon,276,Germany,1,0,2017,20.40405513,50.01499504,2.347917009,1586
5,Colon,276,Germany,2,0,2017,17.23618366,50.34539745,1.942779682,1653
5,Colon,32,Argentina,1,0,2017,19.28043448,22.40209789,2.193247416,204
5,Colon,32,Argentina,2,0,2017,12.33389411,17.83566779,1.40805633,171
5,Colon,352,Iceland,1,0,2017,22.85073241,39.01409097,2.931948931,68
5,Colon,352,Iceland,2,0,2017,26.26224947,49.68679573,2.856492606,84
5,Colon,356,India,1,0,2017,4.257903589,4.309248617,0.4844664818,458
5,Colon,356,India,2,0,2017,3.231318498,3.542146247,0.3738295193,348
5,Colon,36,Australia,1,0,2017,23.88619569,43.64848204,2.660514907,5326
5,Colon,36,Australia,2,0,2017,20.4578902,42.00389304,2.192319672,5207
5,Colon,372,Ireland,1,0,2017,24.02057341,40.72330663,2.51431,966
5,Colon,372,Ireland,2,0,2017,17.39849157,31.68918651,1.842923981,767
5,Colon,376,Israel,1,0,2017,20.09017823,26.67864313,2.252695084,1153
5,Colon,376,Israel,2,0,2017,17.18300629,26.39215185,1.90844477,1159
5,Colon,380,Italy,1,0,2017,21.08051159,49.47526802,2.402808163,656
5,Colon,380,Italy,2,0,2017,16.20264155,43.11139004,1.75019529,599
5,Colon,40,Austria,1,0,2017,17.25879223,37.25082011,1.977703617,1611
5,Colon,40,Austria,2,0,2017,10.50004847,27.06731664,1.140082564,1210
5,Colon,410,"Korea, Republic of",1,0,2017,22.41146304,37.72176197,2.641473556,9648
5,Colon,410,"Korea, Republic of",2,0,2017,13.64884565,28.57260021,1.503298574,7330
5,Colon,414,Kuwait,1,0,2017,13.3072695,7.844237578,1.696185968,52
5,Colon,414,Kuwait,2,0,2017,11.56472274,8.272282918,1.433704331,57
5,Colon,428,Latvia,1,0,2017,17.37299373,33.0470377,2.046151827,295
5,Colon,428,Latvia,2,0,2017,11.60093775,32.58408982,1.342140656,342
5,Colon,440,Lithuania,1,0,2017,17.6267377,34.64291736,2.105213724,452
5,Colon,440,Lithuania,2,0,2017,12.45195624,33.2094433,1.459499836,506
5,Colon,470,Malta,1,0,2017,19.00717003,39.38024805,2.121673996,93
5,Colon,470,Malta,2,0,2017,17.47459013,40.96646356,1.676338663,95
5,Colon,474,"France, Martinique",1,0,2017,20.69931711,51.74522533,2.537446673,88
5,Colon,474,"France, Martinique",2,0,2017,16.74354447,41.44653397,1.948113108,83
5,Colon,48,Bahrain,1,0,2017,12.75934142,9.611463855,1.830359015,33
5,Colon,48,Bahrain,2,0,2017,9.122878063,7.780564151,1.088924956,26
5,Colon,528,The Netherlands,1,0,2017,28.12531994,60.89592408,3.486301252,5177
5,Colon,528,The Netherlands,2,0,2017,23.74160841,55.60639937,2.899589919,4800
5,Colon,554,New Zealand,1,0,2017,22.28764845,41.29857761,2.384967038,967
5,Colon,554,New Zealand,2,0,2017,21.26829642,44.34626388,2.121461604,1075
5,Colon,578,Norway,1,0,2017,27.35281322,54.72497503,3.00294734,1455
5,Colon,578,Norway,2,0,2017,25.18245379,60.0408484,2.782275108,1572
5,Colon,608,Philippines,1,0,2017,15.37170803,9.72708079,1.765246671,326
5,Colon,608,Philippines,2,0,2017,10.01264854,8.332902996,1.152994006,284
5,Colon,616,Poland,1,0,2017,18.84531375,36.81092496,2.373854163,224
5,Colon,616,Poland,2,0,2017,10.69600854,25.49994759,1.210793487,163
5,Colon,630,Puerto Rico,1,0,2017,20.1883183,39.60065335,2.284527212,626
5,Colon,630,Puerto Rico,2,0,2017,15.84181641,32.27278355,1.752609712,563
5,Colon,634,Qatar,1,0,2017,17.94821986,10.12487344,2.548927471,15
5,Colon,634,Qatar,2,0,2017,11.68595234,7.845239574,1.457133636,12
5,Colon,705,Slovenia,1,0,2017,20.52589829,44.54308252,2.40251562,457
5,Colon,705,Slovenia,2,0,2017,12.73156776,32.10958019,1.478772293,334
5,Colon,752,Sweden,1,0,2017,19.67841176,45.12669349,2.205323144,2278
5,Colon,752,Sweden,2,0,2017,17.75695876,45.13245207,1.975798098,2261
5,Colon,756,Switzerland,1,0,2017,19.31769737,40.12250247,2.193856685,436
5,Colon,756,Switzerland,2,0,2017,13.95842695,33.18618425,1.482693521,374
5,Colon,764,Thailand,1,0,2017,9.88586602,15.10523502,1.167625939,402
5,Colon,764,Thailand,2,0,2017,6.74793061,11.37559165,0.7890546879,322
5,Colon,792,Türkiye,1,0,2017,15.12297576,18.97099632,1.83814967,631
5,Colon,792,Türkiye,2,0,2017,9.259523927,13.23108926,1.058193022,439
5,Colon,800,Uganda,1,0,2017,7.929494742,2.384873937,1.031059446,32
5,Colon,800,Uganda,2,0,2017,4.79376924,1.259658765,0.6394667436,19
5,Colon,8260,"UK, England",1,0,2017,20.92075458,43.96119756,2.320912761,12081
5,Colon,8260,"UK, England",2,0,2017,16.96154374,40.54960242,1.814664485,11410
5,Colon,8261,"UK, Wales",1,0,2017,21.87294899,51.48681989,2.377863708,793
5,Colon,8261,"UK, Wales",2,0,2017,17.3412351,44.85903474,1.930027807,711
5,Colon,8262,"UK, Scotland",1,0,2017,23.0548875,50.75180851,2.577941822,1340
5,Colon,8262,"UK, Scotland",2,0,2017,17.57916844,42.84431675,2.002943438,1193
5,Colon,8263,"UK, Northern Ireland",1,0,2017,20.75197589,41.72788205,2.278044348,384
5,Colon,8263,"UK, Northern Ireland",2,0,2017,19.77674655,41.44811727,2.232408902,394
5,Colon,840,USA,1,0,2017,16.84311546,27.49076241,1.867514003,4179
5,Colon,840,USA,2,0,2017,14.56252126,27.9380656,1.530509514,4357
5,Colon,8401,USA: White,1,0,2017,16.17430265,28.38830522,1.76402879,3130
5,Colon,8401,USA: White,2,0,2017,14.28465632,29.52503186,1.470812961,3268
5,Colon,8402,USA: Black,1,0,2017,22.81024664,27.37452235,2.678620222,535
5,Colon,8402,USA: Black,2,0,2017,17.69124585,25.87712979,1.949787656,555